Verb,pct_female,pct.male,pct.trans,pct.human,pct.robot,pct.animal,pct.fictional,pct.asian,pct.white,pct.black,pct.PoC.other,pct.heterosexual,pct.homosexual,pct.sexuality.other,pct.child,pct.young.adult,pct.adult,pct.elderly
Accessing,0.03896103896103896,0.18181818181818182,0.012987012987012988,0.18181818181818182,0.025974025974025976,0,0.025974025974025976,0,0.15584415584415584,0.012987012987012988,0.03896103896103896,0.09090909090909091,0,0,0.012987012987012988,0.03896103896103896,0.18181818181818182,0
Acquiring,0,0.25,0,0,0.25,0,0,0,0.25,0,0,0,0,0,0,0,0.25,0
Acting,0.19047619047619047,0.047619047619047616,0,0.23809523809523808,0,0,0,0.047619047619047616,0.09523809523809523,0,0.047619047619047616,0.09523809523809523,0,0,0,0.047619047619047616,0.19047619047619047,0
Activated,0.125,0.125,0,0.125,0.125,0,0,0.125,0,0,0,0.125,0,0,0.125,0,0.125,0
Activating,0,0.2222222222222222,0,0.2222222222222222,0,0,0,0.2222222222222222,0,0,0,0.1111111111111111,0,0,0,0,0.2222222222222222,0
Addressing,0.25,0,0,0.25,0,0,0,0,0.25,0,0,0,0,0,0,0.25,0,0
Advised,0.06666666666666667,0.13333333333333333,0,0.2,0,0,0,0.06666666666666667,0,0.06666666666666667,0.06666666666666667,0.2,0,0,0,0,0.2,0
Advising,0.1111111111111111,0.1111111111111111,0,0.2222222222222222,0.1111111111111111,0,0,0,0.1111111111111111,0,0,0.1111111111111111,0,0,0,0,0.2222222222222222,0
Aiming,0,0.21428571428571427,0,0.14285714285714285,0.07142857142857142,0,0,0,0.07142857142857142,0.14285714285714285,0,0.14285714285714285,0,0,0,0,0.21428571428571427,0
Alerted,0,0.23076923076923078,0,0.15384615384615385,0,0,0,0.07692307692307693,0.15384615384615385,0,0,0.07692307692307693,0,0.07692307692307693,0,0,0.15384615384615385,0.07692307692307693
Altered,0,0.2222222222222222,0,0.2222222222222222,0,0,0,0,0.2222222222222222,0,0,0.1111111111111111,0,0,0,0,0.1111111111111111,0.1111111111111111
Altering,0.05555555555555555,0.16666666666666666,0,0.2222222222222222,0,0,0,0,0.16666666666666666,0.05555555555555555,0,0.1111111111111111,0,0,0,0,0.2222222222222222,0
Amazed,0.14285714285714285,0,0,0.2857142857142857,0,0,0,0,0.2857142857142857,0,0,0.14285714285714285,0,0,0,0,0.14285714285714285,0
Ambushing,0.25,0,0,0.25,0,0,0,0,0.25,0,0,0,0,0,0,0,0.25,0
Analysed,0.1292517006802721,0.09523809523809523,0.006802721088435374,0.22448979591836735,0.006802721088435374,0.02040816326530612,0.034013605442176874,0.027210884353741496,0.08163265306122448,0.013605442176870748,0.034013605442176874,0.05442176870748299,0,0.006802721088435374,0,0.061224489795918366,0.19727891156462585,0
Analysing,0.125,0.1,0,0.13333333333333333,0.175,0,0,0.016666666666666666,0.1,0.05,0,0.075,0,0.008333333333333333,0.008333333333333333,0.008333333333333333,0.19166666666666668,0.008333333333333333
Announcing,0,0.25,0,0,0,0,0.25,0,0.25,0,0,0,0,0,0,0,0,0.25
Annoyed,0.08333333333333333,0.16666666666666666,0,0.16666666666666666,0.08333333333333333,0,0,0,0.08333333333333333,0,0.08333333333333333,0.16666666666666666,0,0,0,0,0.08333333333333333,0.08333333333333333
Annoying,0,0.2,0,0.2,0,0,0,0,0.2,0,0,0.2,0,0,0,0,0.2,0
Anonymised,0.125,0.125,0,0.25,0,0,0,0,0.125,0,0.125,0,0,0,0,0,0.25,0
Answering,0.2222222222222222,0,0,0.2222222222222222,0,0,0,0,0.1111111111111111,0,0,0.2222222222222222,0,0,0,0,0.2222222222222222,0
Anticipating,0,0.2222222222222222,0,0.2222222222222222,0,0,0,0,0.2222222222222222,0,0,0.1111111111111111,0,0,0,0,0.2222222222222222,0
Appearing,0.14814814814814814,0.1111111111111111,0,0.1111111111111111,0.1111111111111111,0,0.037037037037037035,0,0.18518518518518517,0,0,0,0,0,0,0,0.25925925925925924,0.037037037037037035
Appreciating,0.2222222222222222,0,0,0.2222222222222222,0,0,0,0,0,0.1111111111111111,0.1111111111111111,0.1111111111111111,0,0,0,0,0.2222222222222222,0
Approved,0,0.18181818181818182,0,0.18181818181818182,0,0,0.09090909090909091,0,0.09090909090909091,0,0.09090909090909091,0.09090909090909091,0,0,0,0,0.2727272727272727,0
Approving,0.3333333333333333,0,0,0.3333333333333333,0,0,0,0,0,0.16666666666666666,0,0,0,0,0,0,0.16666666666666666,0
Arguing,0.12903225806451613,0.06451612903225806,0,0.16129032258064516,0.03225806451612903,0,0.03225806451612903,0,0.1935483870967742,0,0,0.12903225806451613,0,0,0.03225806451612903,0,0.1935483870967742,0
Aroused,0,0.25,0,0,0.25,0,0,0,0,0,0,0.25,0,0,0,0,0.25,0
Arrested,0.15789473684210525,0.05263157894736842,0,0.21052631578947367,0,0,0,0,0.10526315789473684,0,0.10526315789473684,0.15789473684210525,0,0,0,0.10526315789473684,0.10526315789473684,0
Asked,0,0.5,0,0,0.5,0,0,0,0,0,0,0,0,0,0,0,0,0
Asking,0.21428571428571427,0.07142857142857142,0,0.14285714285714285,0.14285714285714285,0,0,0,0.14285714285714285,0,0,0.07142857142857142,0,0,0.07142857142857142,0,0.14285714285714285,0
Assesed,0,0.25,0,0.25,0,0,0,0,0.25,0,0,0,0,0,0,0,0.25,0
Assessing,0.04477611940298507,0.19402985074626866,0,0.208955223880597,0.029850746268656716,0,0.014925373134328358,0.014925373134328358,0.11940298507462686,0.029850746268656716,0.014925373134328358,0.1044776119402985,0,0,0,0,0.208955223880597,0.014925373134328358
Assisted,0.125,0.125,0,0.25,0,0,0,0.041666666666666664,0.125,0.041666666666666664,0.041666666666666664,0,0,0,0,0,0.25,0
Assisting,0.21428571428571427,0.07142857142857142,0,0.21428571428571427,0.07142857142857142,0,0,0,0.14285714285714285,0,0,0,0,0,0,0,0.2857142857142857,0
Attacked,0.09433962264150944,0.11320754716981132,0,0.16981132075471697,0.018867924528301886,0.018867924528301886,0.03773584905660377,0,0.1509433962264151,0,0.05660377358490566,0.09433962264150944,0,0,0.03773584905660377,0.018867924528301886,0.16981132075471697,0
Attacking,0.1206896551724138,0.13793103448275862,0,0.15517241379310345,0.034482758620689655,0,0.10344827586206896,0,0.08620689655172414,0.017241379310344827,0.034482758620689655,0.05172413793103448,0.017241379310344827,0,0,0.034482758620689655,0.1896551724137931,0.017241379310344827
Attempting,0.125,0.125,0,0.25,0,0,0,0.125,0.125,0,0,0,0,0,0,0,0.25,0
Authorizing,0.14285714285714285,0.14285714285714285,0,0.14285714285714285,0.14285714285714285,0,0,0,0,0,0.14285714285714285,0,0,0,0,0,0.2857142857142857,0
Avoided,0,0.25,0,0.25,0,0,0,0,0.25,0,0,0,0,0,0,0,0.25,0
Avoiding,0.029411764705882353,0.20588235294117646,0,0.20588235294117646,0.029411764705882353,0,0,0,0.14705882352941177,0,0.029411764705882353,0.08823529411764706,0,0.029411764705882353,0,0.029411764705882353,0.20588235294117646,0
Aware,0.08064516129032258,0.14516129032258066,0,0.22580645161290322,0.016129032258064516,0,0,0,0.1774193548387097,0.04838709677419355,0,0.03225806451612903,0,0.016129032258064516,0,0.016129032258064516,0.22580645161290322,0
Becoming,0,0.25,0,0.25,0,0,0,0,0,0.25,0,0,0,0,0,0,0.25,0
Befriending,0.5,0,0,0,0,0.5,0,0,0,0,0,0,0,0,0,0,0,0
Begging,0.3333333333333333,0,0,0.3333333333333333,0,0,0,0,0,0,0,0,0,0,0.3333333333333333,0,0,0
Benefitting,0.1111111111111111,0.1111111111111111,0,0.2222222222222222,0,0,0.1111111111111111,0,0.1111111111111111,0,0,0,0,0,0,0,0.3333333333333333,0
Betraying,0,0.25,0,0.25,0,0,0,0,0,0,0,0.25,0,0,0,0,0.25,0
Blamed,0,0.25,0,0,0,0.25,0,0,0,0,0.25,0,0,0,0,0,0.25,0
Blaming,0.1,0.1,0,0.2,0,0,0,0,0.2,0,0,0.2,0,0,0,0,0.2,0
Blasted,0,0,0,0.5,0,0,0,0,0,0,0,0,0,0,0,0,0.5,0
Blinded,0.15789473684210525,0.05263157894736842,0,0.21052631578947367,0.05263157894736842,0,0,0,0.10526315789473684,0.05263157894736842,0.05263157894736842,0.05263157894736842,0,0,0,0.05263157894736842,0.21052631578947367,0
Blinding,0.14285714285714285,0.14285714285714285,0,0.2857142857142857,0,0,0,0.14285714285714285,0,0,0,0,0,0,0,0,0.2857142857142857,0
Blocked,0.1111111111111111,0.1111111111111111,0,0.2222222222222222,0,0,0,0,0.1111111111111111,0,0.1111111111111111,0.1111111111111111,0,0,0,0.1111111111111111,0.1111111111111111,0
Blocking,0.16666666666666666,0,0,0.16666666666666666,0,0.16666666666666666,0,0,0.16666666666666666,0,0,0.16666666666666666,0,0,0,0,0.16666666666666666,0
Blurred,0.1,0.1,0,0.2,0,0,0,0,0.2,0,0,0.2,0,0,0,0,0.2,0
Bombed,0.25,0,0,0.25,0,0,0,0,0.25,0,0,0,0,0,0.25,0,0,0
Bombing,0.25,0,0,0.25,0,0,0,0,0.25,0,0,0,0,0,0,0,0.25,0
Bonding,0.16666666666666666,0.16666666666666666,0,0.3333333333333333,0,0,0,0,0.16666666666666666,0,0,0,0,0,0,0.16666666666666666,0,0
Bored,0.25,0,0,0.25,0,0,0,0,0.25,0,0,0,0,0,0,0,0.25,0
Bragging,0.3333333333333333,0,0,0.3333333333333333,0,0,0,0,0,0,0,0,0,0,0,0,0.3333333333333333,0
Breaking,0.08333333333333333,0.08333333333333333,0,0.25,0,0,0,0,0.08333333333333333,0,0.08333333333333333,0.08333333333333333,0,0,0,0.08333333333333333,0.16666666666666666,0
Broadcasted,0.07142857142857142,0.14285714285714285,0,0.21428571428571427,0,0,0,0,0.21428571428571427,0,0,0.14285714285714285,0,0,0,0,0.21428571428571427,0
Broadcasting,0.1111111111111111,0.1111111111111111,0,0.2222222222222222,0,0,0,0,0.1111111111111111,0,0,0.2222222222222222,0,0,0,0,0.2222222222222222,0
Building,0,0.2,0,0.2,0,0,0,0,0.2,0,0,0.2,0,0,0,0,0.2,0
Buying,0.07692307692307693,0.15384615384615385,0,0.23076923076923078,0,0,0,0,0.23076923076923078,0,0,0.07692307692307693,0,0,0,0,0.23076923076923078,0
Calculating,0,0.25,0,0.25,0,0,0,0,0.25,0,0,0,0,0,0,0,0.25,0
Calibrating,0.16666666666666666,0,0,0.16666666666666666,0,0,0,0,0.16666666666666666,0,0,0.16666666666666666,0,0,0,0,0.3333333333333333,0
calling,0,0.3333333333333333,0,0,0,0,0,0.3333333333333333,0,0,0,0,0,0,0,0,0.3333333333333333,0
Camouflaged,0,0.2,0,0.2,0,0,0,0,0.2,0,0,0.2,0,0,0,0,0.2,0
Camouflaging,0.25,0,0,0.25,0,0,0,0,0.25,0,0,0,0,0,0,0,0.25,0
Captured,0.03333333333333333,0.16666666666666666,0,0.2,0,0.1,0.03333333333333333,0.03333333333333333,0.1,0.06666666666666667,0,0.03333333333333333,0,0,0.03333333333333333,0,0.2,0
Capturing,0,0.25,0,0.25,0,0,0,0,0.25,0,0,0,0,0,0,0,0.25,0
cared,0,0,0,0.3333333333333333,0,0,0,0,0.3333333333333333,0,0,0,0,0,0.3333333333333333,0,0,0
Caressing,0.25,0,0,0,0.25,0,0,0,0.25,0,0,0,0,0,0,0,0.25,0
Caring,0.13333333333333333,0.06666666666666667,0,0.13333333333333333,0.2,0,0,0,0.2,0,0,0,0,0,0,0,0.26666666666666666,0
Carried,0.25,0,0,0.25,0,0,0,0.25,0,0,0,0,0,0,0,0,0.25,0
Categorised,0,0.2,0,0.2,0,0,0,0,0.2,0,0,0.2,0,0,0,0,0.2,0
Categorising,0,0,0,0.3333333333333333,0,0,0,0,0.3333333333333333,0,0,0,0,0,0,0,0.3333333333333333,0
Celebrating,0,0.3333333333333333,0,0.3333333333333333,0,0,0,0,0.16666666666666666,0,0,0,0,0,0,0,0.16666666666666666,0
Censored,0,0.2,0,0.2,0,0,0,0,0.2,0,0,0.2,0,0,0,0,0.2,0
Challenged,0.1111111111111111,0.1111111111111111,0,0.2222222222222222,0,0,0,0.2222222222222222,0,0,0,0.1111111111111111,0,0,0,0,0.2222222222222222,0
Changing,0.15,0.1,0,0.2,0.05,0,0,0.05,0.1,0,0.05,0.05,0,0,0,0.05,0.2,0
Channeling,0.25,0,0,0.25,0,0,0,0,0.25,0,0,0,0,0,0,0,0.25,0
Charging,0,0.25,0,0.25,0,0,0,0,0.25,0,0,0,0,0,0,0,0.25,0
Chased,0.07317073170731707,0.14634146341463414,0,0.21951219512195122,0,0,0,0,0.17073170731707318,0.04878048780487805,0,0.12195121951219512,0,0,0.024390243902439025,0.07317073170731707,0.12195121951219512,0
Chasing,0.03225806451612903,0.22580645161290322,0,0.16129032258064516,0.06451612903225806,0,0.03225806451612903,0,0.0967741935483871,0.0967741935483871,0,0.03225806451612903,0,0,0,0.03225806451612903,0.22580645161290322,0
Chatting,0.1,0.1,0,0.2,0,0,0,0,0.2,0,0,0.2,0,0,0,0,0.2,0
Checking,0,0.5,0,0,0.5,0,0,0,0,0,0,0,0,0,0,0,0,0
Choked,0,0.25,0,0.25,0,0,0,0,0.25,0,0,0,0,0,0,0,0.25,0
Choking,0,0.25,0,0,0.25,0,0,0,0.25,0,0,0,0,0,0,0,0.25,0
Choosing,0.15,0.05,0,0.2,0,0,0,0,0.2,0,0,0.2,0,0,0,0,0.2,0
Classified,0.07317073170731707,0.15447154471544716,0,0.21951219512195122,0,0.04065040650406504,0.04878048780487805,0.008130081300813009,0.11382113821138211,0.016260162601626018,0.032520325203252036,0.032520325203252036,0,0,0.008130081300813009,0.07317073170731707,0.17073170731707318,0
Classifying,0.10526315789473684,0.02631578947368421,0.02631578947368421,0.18421052631578946,0.13157894736842105,0,0,0,0.15789473684210525,0,0.02631578947368421,0.02631578947368421,0,0,0,0.02631578947368421,0.2894736842105263,0
Cleaning (data),0,0,0,0.3333333333333333,0,0,0,0,0.3333333333333333,0,0,0,0,0,0,0,0.3333333333333333,0
Cloaked,0.11764705882352941,0.11764705882352941,0,0.23529411764705882,0,0,0,0.058823529411764705,0.11764705882352941,0,0,0.11764705882352941,0,0,0,0,0.23529411764705882,0
Cloaking,0,0.2222222222222222,0,0.1111111111111111,0.1111111111111111,0,0,0,0.2222222222222222,0,0,0.1111111111111111,0,0,0,0,0.2222222222222222,0
Cloned,0,0,0,0,1,0,0,0,0,0,0,0,0,0,0,0,0,0
Collaborating,0,0,0.25,0.25,0,0,0,0,0.25,0,0,0,0,0,0,0,0.25,0
Collecting,0.25,0,0,0.25,0,0,0,0,0,0.25,0,0,0,0,0,0,0.25,0
Comforted,0.1111111111111111,0.1111111111111111,0,0.2222222222222222,0,0,0,0,0.1111111111111111,0.1111111111111111,0,0.1111111111111111,0,0,0,0,0.2222222222222222,0
Comforting,0.16666666666666666,0,0,0,0.3333333333333333,0,0,0,0.16666666666666666,0,0,0,0,0,0,0,0.3333333333333333,0
Commanded,0.125,0.09375,0,0.125,0.09375,0,0.03125,0,0.0625,0.03125,0.0625,0.125,0,0,0,0,0.25,0
Commanding,0.07894736842105263,0.18421052631578946,0,0.21052631578947367,0.02631578947368421,0,0.02631578947368421,0.10526315789473684,0.05263157894736842,0,0.02631578947368421,0.02631578947368421,0,0.02631578947368421,0,0.02631578947368421,0.21052631578947367,0
Commenting,0,0.25,0,0.25,0,0,0,0,0.25,0,0,0,0,0,0,0,0,0.25
Communicating,0.1079136690647482,0.11510791366906475,0,0.18345323741007194,0.046762589928057555,0.0035971223021582736,0.01079136690647482,0.01079136690647482,0.13309352517985612,0.02158273381294964,0.025179856115107913,0.09712230215827339,0.007194244604316547,0.0035971223021582736,0.007194244604316547,0.03237410071942446,0.1906474820143885,0.0035971223021582736
Compared,0,0,0,1,0,0,0,0,0,0,0,0,0,0,0,0,0,0
Compensated,0,0,0,0.5,0,0,0,0,0,0,0,0,0,0,0,0,0.5,0
Competing,0,0.125,0,0.25,0,0,0,0,0.25,0,0,0.125,0,0,0,0.125,0.125,0
Complaining,0.15151515151515152,0.06060606060606061,0,0.24242424242424243,0,0,0,0,0.15151515151515152,0,0,0.12121212121212122,0.030303030303030304,0,0,0.06060606060606061,0.18181818181818182,0
Complying,0,0.14285714285714285,0,0.2857142857142857,0,0,0,0.14285714285714285,0,0,0,0.14285714285714285,0,0,0,0,0.2857142857142857,0
Comprehending,0,0.25,0,0,0.25,0,0,0,0.25,0,0,0,0,0,0,0,0.25,0
Concealed,0,0.25,0,0.25,0,0,0,0,0,0,0.25,0,0,0,0,0,0.25,0
Concealing,0.1111111111111111,0.1111111111111111,0,0.2222222222222222,0,0,0,0,0.1111111111111111,0.1111111111111111,0,0,0,0.1111111111111111,0,0,0.2222222222222222,0
Concerned,0,0.14285714285714285,0,0.2857142857142857,0,0,0,0,0.14285714285714285,0,0.14285714285714285,0.14285714285714285,0,0,0,0,0.14285714285714285,0
Concluding,0,0.16666666666666666,0,0.16666666666666666,0.16666666666666666,0,0,0,0.16666666666666666,0,0,0.16666666666666666,0,0,0,0,0.16666666666666666,0
Confessing,0,0.3333333333333333,0,0.3333333333333333,0,0,0,0,0,0,0,0,0,0,0,0,0.3333333333333333,0
Confined,0,0.25,0,0.25,0,0,0,0,0.25,0,0,0,0,0,0,0,0.25,0
Confirming,0,0.25,0,0,0.5,0,0,0,0,0,0,0,0,0,0,0,0.25,0
Confronted,0.14285714285714285,0.14285714285714285,0,0.21428571428571427,0,0,0.07142857142857142,0,0.14285714285714285,0,0,0,0,0,0,0,0.2857142857142857,0
Confronting,0.10810810810810811,0.10810810810810811,0,0.21621621621621623,0,0,0,0,0.10810810810810811,0.10810810810810811,0,0.13513513513513514,0,0,0,0.05405405405405406,0.16216216216216217,0
Confused,0.10144927536231885,0.13043478260869565,0,0.17391304347826086,0.10144927536231885,0,0.014492753623188406,0.014492753623188406,0.07246376811594203,0.043478260869565216,0.014492753623188406,0.057971014492753624,0,0.028985507246376812,0.014492753623188406,0.057971014492753624,0.17391304347826086,0
Confusing,0.125,0,0,0.125,0,0.125,0.125,0,0,0,0,0.125,0,0,0,0.125,0.125,0
Connected,0.18181818181818182,0.045454545454545456,0,0.18181818181818182,0.09090909090909091,0,0,0,0,0,0.13636363636363635,0.09090909090909091,0,0,0,0.045454545454545456,0.18181818181818182,0.045454545454545456
Connecting,0.043478260869565216,0.17391304347826086,0,0.21739130434782608,0,0,0,0,0.21739130434782608,0,0,0.13043478260869565,0,0,0,0.043478260869565216,0.17391304347826086,0
consenting,0,0,0,0.5,0,0,0,0,0,0,0,0,0,0,0,0,0.5,0
Conserving,0,0.2,0,0.4,0,0,0,0,0,0,0,0,0,0,0,0.2,0.2,0
Constrained,0.25,0,0,0,0.25,0,0,0.25,0,0,0,0,0,0,0,0,0.25,0
Consuming,0,0,0,0,0,1,0,0,0,0,0,0,0,0,0,0,0,0
Contained,0.25,0,0,0,0.25,0,0,0,0,0,0,0.25,0,0,0,0,0.25,0
Contemplating,0,0.16666666666666666,0,0.16666666666666666,0.16666666666666666,0,0,0.16666666666666666,0,0,0,0.16666666666666666,0,0,0,0,0.16666666666666666,0
Contributing,0,0,0,0.5,0,0,0,0,0,0,0,0,0,0,0,0,0.5,0
Controlled,0.12162162162162163,0.08108108108108109,0,0.22972972972972974,0.013513513513513514,0,0,0.013513513513513514,0.14864864864864866,0.04054054054054054,0.02702702702702703,0.0945945945945946,0,0,0.02702702702702703,0.06756756756756757,0.13513513513513514,0
Controlling,0.0872093023255814,0.14534883720930233,0,0.22093023255813954,0.029069767441860465,0,0,0.029069767441860465,0.12209302325581395,0.029069767441860465,0.011627906976744186,0.08139534883720931,0,0.005813953488372093,0.005813953488372093,0.01744186046511628,0.21511627906976744,0
Conversating,0,0.25,0,0,0.25,0,0,0,0.25,0,0,0,0,0,0,0,0.25,0
Conveying,0.25,0,0,0.25,0,0,0,0.25,0,0,0,0,0,0,0,0,0.25,0
Convincing,0.2,0,0,0.2,0,0,0,0,0,0.2,0,0.2,0,0,0,0,0.2,0
Cooperating,0.14285714285714285,0,0,0.14285714285714285,0.2857142857142857,0,0,0,0.14285714285714285,0,0,0,0,0,0,0,0.2857142857142857,0
Coordinating,0.3333333333333333,0,0,0.16666666666666666,0,0,0.16666666666666666,0,0.16666666666666666,0,0,0,0,0,0,0,0.16666666666666666,0
Copied,0.08,0.12,0,0.16,0.08,0,0,0,0.2,0,0,0.12,0,0.04,0,0,0.2,0
Covered,0,0.3333333333333333,0,0.3333333333333333,0,0,0,0,0.3333333333333333,0,0,0,0,0,0,0,0,0
Craving,0,0.25,0,0.25,0,0,0,0,0.25,0,0,0,0,0,0,0,0.25,0
Created,0,0,0,0.3333333333333333,0,0,0,0,0,0,0,0,0,0,0,0,0.3333333333333333,0
Creating,0.05555555555555555,0.16666666666666666,0,0.16666666666666666,0.16666666666666666,0,0,0.05555555555555555,0.1111111111111111,0,0,0.05555555555555555,0,0.05555555555555555,0,0.05555555555555555,0.1111111111111111,0
Criticised,0.3333333333333333,0,0,0.3333333333333333,0,0,0,0,0,0,0,0,0,0,0,0,0.3333333333333333,0
Criticising,0.25,0,0,0.25,0,0,0,0,0.25,0,0,0,0,0,0,0.25,0,0
Critiquing,0.25,0,0,0.25,0,0,0,0,0,0.25,0,0,0,0,0,0,0.25,0
Crying,0.2,0,0,0.1,0.1,0,0,0,0.2,0,0,0.2,0,0,0,0,0.2,0
Curating,0,0.25,0,0.25,0,0,0,0,0.25,0,0,0,0,0,0,0,0.25,0
Damaged,0.0625,0.125,0.0625,0.0625,0.1875,0,0,0.0625,0.0625,0,0.0625,0.0625,0,0,0,0,0.25,0
Dancing,0.21052631578947367,0,0,0.21052631578947367,0.10526315789473684,0,0,0,0.10526315789473684,0,0,0,0.05263157894736842,0,0,0.05263157894736842,0.2631578947368421,0
Deactivating,0,0.25,0,0.25,0,0,0,0,0,0.25,0,0,0,0,0,0,0.25,0
Dead,0.08333333333333333,0.16666666666666666,0,0.16666666666666666,0,0,0.08333333333333333,0,0.08333333333333333,0,0,0.16666666666666666,0,0,0,0.08333333333333333,0.16666666666666666,0
Decapitated,0,0.2,0,0.2,0,0,0,0,0.2,0,0,0,0,0.2,0,0,0.2,0
Deceased,0.25,0,0,0.25,0,0,0,0.25,0,0,0,0,0,0,0.25,0,0,0
Deceived,0,0.225,0,0.225,0,0,0,0,0.1,0.025,0.05,0.15,0,0,0,0,0.225,0
Deceiving,0.08333333333333333,0.15,0,0.21666666666666667,0.016666666666666666,0,0,0.016666666666666666,0.16666666666666666,0.03333333333333333,0,0.06666666666666667,0,0.016666666666666666,0,0.03333333333333333,0.2,0
Decentered,0,0,0,0,0.5,0,0,0,0,0,0,0,0,0,0,0,0.5,0
Deciding,0.17647058823529413,0.058823529411764705,0,0.23529411764705882,0.11764705882352941,0,0,0,0,0.058823529411764705,0,0.058823529411764705,0,0,0,0,0.29411764705882354,0
Decorating,0.3333333333333333,0,0,0.3333333333333333,0,0,0,0,0,0,0,0,0,0,0,0,0.3333333333333333,0
Deducing,0.25,0,0,0.25,0,0,0,0,0,0,0.25,0,0,0,0,0,0.25,0
Defended,0,0.2222222222222222,0,0.2222222222222222,0,0,0,0,0.2222222222222222,0,0,0.1111111111111111,0,0,0,0,0.2222222222222222,0
Defending,0.11538461538461539,0.11538461538461539,0,0.19230769230769232,0,0,0.038461538461538464,0,0.15384615384615385,0,0,0.15384615384615385,0,0,0,0,0.19230769230769232,0.038461538461538464
Defying,0,0.25,0,0.25,0,0,0,0,0,0.25,0,0,0,0,0,0,0.25,0
Deleted,0.3333333333333333,0,0,0.3333333333333333,0,0,0,0,0,0,0,0,0,0,0.3333333333333333,0,0,0
Deleting,0,0.2,0,0.2,0,0,0,0,0.1,0,0.1,0.2,0,0,0,0,0.2,0
Dematerialised,0,0.25,0,0,0.25,0,0,0,0.25,0,0,0,0,0,0,0,0.25,0
Demonstrating,0.125,0.125,0,0.25,0,0,0,0.0625,0.125,0.0625,0,0,0,0,0,0.0625,0.1875,0
Deploying,0,0.2,0,0.2,0,0,0,0,0.2,0,0,0,0,0.2,0,0,0.2,0
Depressed,0.1111111111111111,0.1111111111111111,0,0.2222222222222222,0,0,0,0,0.1111111111111111,0,0,0.2222222222222222,0,0,0,0,0.2222222222222222,0
Describing,0,0,0,0.3333333333333333,0,0,0,0,0.16666666666666666,0,0.16666666666666666,0,0,0,0,0,0.3333333333333333,0
Designing,0.05263157894736842,0.15789473684210525,0,0.21052631578947367,0,0,0,0.05263157894736842,0.05263157894736842,0.10526315789473684,0,0.10526315789473684,0.05263157894736842,0,0,0.05263157894736842,0.15789473684210525,0
Destroying,0.1111111111111111,0.1111111111111111,0,0.19444444444444445,0.027777777777777776,0.027777777777777776,0,0.027777777777777776,0.1111111111111111,0.027777777777777776,0,0.1111111111111111,0,0,0.027777777777777776,0.08333333333333333,0.1388888888888889,0
Detected,0,0.19230769230769232,0,0.19230769230769232,0,0.07692307692307693,0.038461538461538464,0,0.11538461538461539,0,0,0.15384615384615385,0,0,0,0,0.23076923076923078,0
Detecting,0.14285714285714285,0.14285714285714285,0,0.07142857142857142,0.2857142857142857,0,0,0.07142857142857142,0.07142857142857142,0,0,0,0,0,0.07142857142857142,0,0.14285714285714285,0
Developing,0,0,0,0.4,0,0,0,0,0.2,0,0,0,0,0,0,0,0.4,0
Diagnosed,0.13043478260869565,0.08695652173913043,0,0.17391304347826086,0.043478260869565216,0,0,0.043478260869565216,0.08695652173913043,0.043478260869565216,0.043478260869565216,0.08695652173913043,0.043478260869565216,0,0,0.043478260869565216,0.13043478260869565,0.043478260869565216
Diagnosing,0.23076923076923078,0.07692307692307693,0,0.15384615384615385,0.15384615384615385,0,0,0,0,0.07692307692307693,0.07692307692307693,0,0,0,0,0.07692307692307693,0.15384615384615385,0
Directed,0.1111111111111111,0.1111111111111111,0,0.2222222222222222,0,0,0,0.1111111111111111,0,0,0.1111111111111111,0,0.1111111111111111,0,0,0,0.2222222222222222,0
Directing,0,0.23076923076923078,0,0.23076923076923078,0,0,0.07692307692307693,0,0.15384615384615385,0,0,0,0,0,0.07692307692307693,0.07692307692307693,0.15384615384615385,0
Disabled,0.125,0.125,0,0.125,0.125,0,0,0,0.125,0,0.125,0,0,0,0,0,0.25,0
Disabling,0.05555555555555555,0.16666666666666666,0,0.16666666666666666,0.1111111111111111,0,0,0,0.16666666666666666,0,0,0.05555555555555555,0,0,0,0,0.2777777777777778,0
Disagreeing,0.2,0,0,0.2,0.2,0,0,0,0.2,0,0,0,0,0,0,0.2,0,0
Disappearing,0,0.25,0,0.25,0,0,0,0,0.25,0,0,0,0,0,0,0,0.25,0
Disappointed,0,0.25,0,0.25,0,0,0,0,0,0.25,0,0,0,0,0,0,0.25,0
Discerning,0,0.2,0,0.2,0,0,0,0,0.2,0,0,0.2,0,0,0,0,0.2,0
Disciplined,0.125,0.125,0,0.25,0,0,0,0.125,0,0,0.125,0,0,0,0,0.125,0.125,0
Disciplining,0,0,0,0,0,0,1,0,0,0,0,0,0,0,0,0,0,0
Disconnecting,0,0.3333333333333333,0,0.3333333333333333,0,0,0,0,0,0,0,0,0,0,0,0,0.3333333333333333,0
Discovering,0.11764705882352941,0.08823529411764706,0,0.17647058823529413,0.058823529411764705,0,0,0,0.14705882352941177,0,0.058823529411764705,0.11764705882352941,0,0,0,0.029411764705882353,0.20588235294117646,0
Discriminated,0.25,0,0,0.25,0,0,0,0,0,0.125,0.125,0,0,0,0,0.125,0.125,0
Discussed,0.25,0,0,0,0.25,0,0,0,0.25,0,0,0,0,0,0,0,0.25,0
Discussing,0.058823529411764705,0.17647058823529413,0,0.20588235294117646,0.029411764705882353,0,0,0,0.14705882352941177,0.058823529411764705,0,0.11764705882352941,0,0,0,0,0.11764705882352941,0.08823529411764706
Disempowered,0.2,0,0,0,0.2,0,0,0,0.2,0,0,0.2,0,0,0,0,0.2,0
Disguised,0.16666666666666666,0,0,0.16666666666666666,0.08333333333333333,0,0,0,0.16666666666666666,0,0.08333333333333333,0,0,0,0,0.08333333333333333,0.16666666666666666,0
Disguising,0,0,0,0.25,0,0,0,0,0.25,0,0,0,0,0,0,0.25,0,0
Disgusted,0.13333333333333333,0.06666666666666667,0,0.2,0,0,0,0,0.13333333333333333,0.06666666666666667,0,0.13333333333333333,0.06666666666666667,0,0,0.06666666666666667,0.13333333333333333,0
Disillusioned,0,0.2,0,0.2,0,0,0,0,0.2,0,0,0,0.2,0,0,0,0.2,0
Disobeyed,0.5,0,0,0,0.5,0,0,0,0,0,0,0,0,0,0,0,0,0
Disobeying,0.1111111111111111,0.1111111111111111,0,0.2222222222222222,0,0,0,0,0,0.1111111111111111,0.1111111111111111,0.1111111111111111,0,0,0,0,0.2222222222222222,0
Disoriented,0.09090909090909091,0.18181818181818182,0,0.09090909090909091,0.18181818181818182,0,0,0,0.09090909090909091,0,0.09090909090909091,0.09090909090909091,0,0,0,0,0.18181818181818182,0
Dispersed,0.25,0,0,0,0.25,0,0,0,0,0,0.25,0,0,0,0,0,0.25,0
Displaced,0,0.25,0,0,0.25,0,0,0.25,0,0,0,0,0,0,0,0,0.25,0
Displacing,0.25,0,0,0.25,0,0,0,0.25,0,0,0,0,0,0,0,0,0.25,0
Displayed,0.02702702702702703,0.21621621621621623,0,0.13513513513513514,0.05405405405405406,0,0.05405405405405406,0,0.10810810810810811,0.02702702702702703,0.05405405405405406,0.08108108108108109,0,0,0,0,0.21621621621621623,0.02702702702702703
Displaying,0.2,0.1,0,0.1,0.1,0,0.1,0,0,0.1,0,0.1,0,0,0,0,0.2,0
Disposed,0,0.2,0,0.2,0,0,0,0,0.2,0,0,0.2,0,0,0,0,0.2,0
Dissociating,0.1,0.1,0,0.2,0,0,0,0,0.2,0,0,0.2,0,0,0,0,0.2,0
Distancing,0,0,0,0,0.5,0,0,0,0,0,0,0,0,0,0,0,0.5,0
Distracting,0,0.25,0,0.25,0,0,0,0,0,0,0,0.25,0,0,0,0,0.25,0
Distressed,0.1111111111111111,0.1111111111111111,0,0.2222222222222222,0,0,0,0,0.2222222222222222,0,0,0.1111111111111111,0,0,0,0.1111111111111111,0.1111111111111111,0
Distrusting,0.2222222222222222,0,0,0.2222222222222222,0,0,0,0,0.1111111111111111,0,0.1111111111111111,0.1111111111111111,0,0,0,0.1111111111111111,0.1111111111111111,0
Disturbed,0.2222222222222222,0,0,0.2222222222222222,0,0,0,0,0.1111111111111111,0.1111111111111111,0,0.1111111111111111,0,0,0,0.1111111111111111,0.1111111111111111,0
Documented,0,0.1875,0,0.25,0,0.0625,0.0625,0.0625,0.125,0,0,0.0625,0,0,0,0,0.125,0.0625
Documenting,0.125,0.125,0,0.1875,0.0625,0,0,0,0.125,0,0,0.125,0,0,0,0.0625,0.1875,0
Dodging,0,0.2222222222222222,0,0.2222222222222222,0,0,0,0.1111111111111111,0.1111111111111111,0,0,0.1111111111111111,0,0,0,0,0.2222222222222222,0
Donating,0,0,0.25,0.25,0,0,0,0,0.25,0,0,0,0,0,0,0,0.25,0
Doubted,0.15384615384615385,0.07692307692307693,0,0.23076923076923078,0,0,0,0,0.23076923076923078,0,0,0.07692307692307693,0,0,0,0,0.23076923076923078,0
Doubting,0.09090909090909091,0.18181818181818182,0,0.2727272727272727,0,0,0,0,0.18181818181818182,0,0,0,0,0,0,0.09090909090909091,0.18181818181818182,0
Dragged,0,0.25,0,0.25,0,0,0,0,0.25,0,0,0,0,0,0,0,0.25,0
Drawing,0,0,0,0,1,0,0,0,0,0,0,0,0,0,0,0,0,0
Driving,0.07692307692307693,0.15384615384615385,0,0.07692307692307693,0.23076923076923078,0,0,0.07692307692307693,0.15384615384615385,0,0,0,0,0,0,0.07692307692307693,0.15384615384615385,0
Drugged,0,0.2,0,0.2,0,0,0,0,0.2,0,0,0.2,0,0,0,0,0.2,0
Duped,0,0.25,0,0.25,0,0,0,0,0.25,0,0,0,0,0,0,0,0.25,0
Dying,0.07142857142857142,0.17857142857142858,0,0.25,0,0,0,0,0.10714285714285714,0.03571428571428571,0,0.10714285714285714,0,0,0,0,0.14285714285714285,0.10714285714285714
Eating,0,0.2,0,0.2,0,0,0,0,0.2,0,0,0.2,0,0,0,0,0.2,0
Editing,0.05263157894736842,0.10526315789473684,0,0.2631578947368421,0,0,0,0,0.10526315789473684,0,0.05263157894736842,0.15789473684210525,0,0,0,0,0.2631578947368421,0
Educating,0,0.25,0,0.25,0,0,0,0,0.25,0,0,0,0,0,0.25,0,0,0
Emanated,0.2,0,0,0,0.2,0,0,0,0.2,0,0,0.2,0,0,0,0,0.2,0
Emitting,0,0.5,0,0,0.5,0,0,0,0,0,0,0,0,0,0,0,0,0
Empathised,0,0.3333333333333333,0,0.3333333333333333,0,0,0,0,0,0,0,0,0,0,0,0,0.3333333333333333,0
Empathising,0.25,0,0,0.25,0,0,0,0,0.25,0,0,0,0,0,0,0.25,0,0
Empowered,0.13043478260869565,0.08695652173913043,0,0.17391304347826086,0.043478260869565216,0,0,0,0.17391304347826086,0,0,0.17391304347826086,0,0,0,0.08695652173913043,0.13043478260869565,0
Enabled,0.1111111111111111,0.1111111111111111,0,0.16666666666666666,0.05555555555555555,0,0,0,0.16666666666666666,0,0.05555555555555555,0.1111111111111111,0,0,0,0.05555555555555555,0.16666666666666666,0
Enabling,0.25,0,0,0.25,0,0,0,0,0.25,0,0,0,0,0,0,0,0.25,0
Encouraged,0,0.14285714285714285,0,0.2857142857142857,0,0,0,0.14285714285714285,0.14285714285714285,0,0,0,0,0,0,0,0.2857142857142857,0
Encouraging,0.25,0,0,0.0625,0.25,0,0,0,0.125,0,0,0,0,0,0,0,0.3125,0
Engaging,0.2857142857142857,0,0,0.2857142857142857,0,0,0,0,0,0.14285714285714285,0,0,0,0,0,0,0.2857142857142857,0
Enhanced,0.1111111111111111,0.1111111111111111,0,0,0.2222222222222222,0,0,0,0.2222222222222222,0,0,0.1111111111111111,0,0,0,0,0.2222222222222222,0
Enjoying,0.07142857142857142,0.10714285714285714,0,0.25,0.03571428571428571,0,0,0,0.14285714285714285,0,0,0.14285714285714285,0,0,0,0,0.21428571428571427,0.03571428571428571
Entering,0.1282051282051282,0.10256410256410256,0,0.20512820512820512,0.02564102564102564,0,0,0.02564102564102564,0.1282051282051282,0.05128205128205128,0.02564102564102564,0.07692307692307693,0,0,0,0.05128205128205128,0.1794871794871795,0
Entertained,0.07692307692307693,0.07692307692307693,0,0.3076923076923077,0,0,0,0,0.23076923076923078,0,0,0,0,0,0,0,0.23076923076923078,0.07692307692307693
Entertaining,0,0.14285714285714285,0,0.2857142857142857,0,0,0,0,0.14285714285714285,0,0,0,0,0,0,0,0.2857142857142857,0
Erasing,0,0.2222222222222222,0,0.2222222222222222,0,0,0,0.1111111111111111,0.1111111111111111,0,0,0.1111111111111111,0,0,0,0,0.2222222222222222,0
Escaping,0.13333333333333333,0.08888888888888889,0,0.2222222222222222,0,0,0,0,0.17777777777777778,0,0.022222222222222223,0.13333333333333333,0,0,0,0.044444444444444446,0.17777777777777778,0
Evading,0.1,0.1,0,0.22,0.02,0,0,0.02,0.12,0,0.02,0.12,0,0,0.06,0.06,0.12,0
Evaluated,0.10714285714285714,0.14285714285714285,0,0.21428571428571427,0.03571428571428571,0,0,0,0.17857142857142858,0,0,0.07142857142857142,0,0,0,0.14285714285714285,0.10714285714285714,0
Evaluating,0.08333333333333333,0.16666666666666666,0,0.08333333333333333,0.25,0,0,0,0.08333333333333333,0,0.08333333333333333,0.08333333333333333,0,0,0,0.08333333333333333,0.08333333333333333,0
Evalutating,0.2,0,0,0.2,0,0,0,0,0.2,0,0,0,0,0.2,0,0,0.2,0
Examined,0.2,0,0,0.2,0,0.1,0,0,0,0,0.1,0.1,0,0,0,0,0.2,0.1
Examining,0.125,0.125,0,0.25,0,0,0,0,0.125,0,0,0.125,0,0,0,0,0.25,0
Exchanging,0.08333333333333333,0.08333333333333333,0,0.25,0,0,0,0,0,0,0.16666666666666666,0.16666666666666666,0,0,0,0.16666666666666666,0.08333333333333333,0
Excited,0,0.3333333333333333,0,0.3333333333333333,0,0,0,0,0,0,0,0,0,0,0,0,0.3333333333333333,0
Excluded,0.1724137931034483,0.06896551724137931,0,0.20689655172413793,0.06896551724137931,0,0,0,0.034482758620689655,0.10344827586206896,0.06896551724137931,0.034482758620689655,0,0,0,0.034482758620689655,0.20689655172413793,0
exercising,0,0.2,0,0.2,0,0,0,0,0.2,0,0,0.2,0,0,0,0,0.2,0
Experiencing,0.13333333333333333,0.13333333333333333,0,0.26666666666666666,0,0,0,0,0.13333333333333333,0.06666666666666667,0,0,0,0,0,0,0.26666666666666666,0
Experimenting,0.1111111111111111,0.1111111111111111,0,0.2222222222222222,0,0,0,0.2222222222222222,0,0,0,0,0,0.1111111111111111,0,0,0.2222222222222222,0
Explained,0.25,0,0,0.25,0,0,0,0,0,0,0.25,0,0,0,0,0,0.25,0
Explaining,0.13636363636363635,0.09090909090909091,0,0.22727272727272727,0.045454545454545456,0,0,0,0.13636363636363635,0,0,0.045454545454545456,0,0,0.045454545454545456,0.045454545454545456,0.18181818181818182,0
Exploited,0.18181818181818182,0,0,0.2727272727272727,0,0,0,0,0.09090909090909091,0.09090909090909091,0,0.09090909090909091,0,0,0,0.09090909090909091,0.18181818181818182,0
Exploiting,0.1111111111111111,0.1111111111111111,0,0.2222222222222222,0,0,0,0,0.2222222222222222,0,0,0.1111111111111111,0,0,0,0,0.2222222222222222,0
Exploring,0.10526315789473684,0.13157894736842105,0,0.2894736842105263,0,0,0,0,0.07894736842105263,0,0.05263157894736842,0.05263157894736842,0,0,0,0,0.2631578947368421,0.02631578947368421
Exposed,0.08571428571428572,0.08571428571428572,0,0.22857142857142856,0,0,0.08571428571428572,0.02857142857142857,0.14285714285714285,0,0.02857142857142857,0.08571428571428572,0,0,0,0.02857142857142857,0.14285714285714285,0.05714285714285714
Exposing,0.16666666666666666,0.05555555555555555,0,0.16666666666666666,0.05555555555555555,0,0.05555555555555555,0,0.05555555555555555,0,0.05555555555555555,0.16666666666666666,0,0,0,0.05555555555555555,0.16666666666666666,0
Expressing,0,0.25,0,0.25,0,0,0,0,0.16666666666666666,0.08333333333333333,0,0,0,0,0,0,0.25,0
Extracted,0.25,0,0,0.25,0,0,0,0,0.25,0,0,0,0,0,0,0,0.25,0
Extracting,0.15384615384615385,0.07692307692307693,0,0.23076923076923078,0,0,0,0,0.15384615384615385,0,0,0.15384615384615385,0,0,0,0,0.23076923076923078,0
Facilitating,0.25,0,0,0.25,0,0,0,0,0.25,0,0,0,0,0,0,0,0.25,0
Fact-checking,0,0,0,0,1,0,0,0,0,0,0,0,0,0,0,0,0,0
Fading,0.16666666666666666,0,0,0,0.3333333333333333,0,0,0,0.16666666666666666,0,0,0,0,0,0,0,0.3333333333333333,0
Failed,0,0.25,0,0.25,0,0,0,0,0.25,0,0,0,0,0,0,0,0.25,0
Failing,0.10714285714285714,0.10714285714285714,0.03571428571428571,0.14285714285714285,0.14285714285714285,0,0,0.03571428571428571,0.07142857142857142,0,0.07142857142857142,0.03571428571428571,0,0,0,0.03571428571428571,0.21428571428571427,0
Faked,0,0.25,0,0.25,0,0,0,0.08333333333333333,0.16666666666666666,0,0,0,0,0,0,0,0.25,0
Faking,0.1111111111111111,0.1111111111111111,0,0.2222222222222222,0,0,0,0,0.2222222222222222,0,0,0.1111111111111111,0,0,0,0,0.2222222222222222,0
Fascinated,0.5,0,0,0,0.5,0,0,0,0,0,0,0,0,0,0,0,0,0
Fascinating,0,0,0,0,0,0,1,0,0,0,0,0,0,0,0,0,0,0
Feeling,0.06666666666666667,0.13333333333333333,0,0.2,0.06666666666666667,0,0,0,0.13333333333333333,0,0,0.13333333333333333,0,0,0,0.06666666666666667,0.2,0
Fighting,0.10576923076923077,0.125,0,0.16346153846153846,0.09615384615384616,0,0.009615384615384616,0.038461538461538464,0.15384615384615385,0,0,0.04807692307692308,0,0.009615384615384616,0.009615384615384616,0.028846153846153848,0.20192307692307693,0
Filmed,0.13333333333333333,0.06666666666666667,0,0.2,0,0,0.06666666666666667,0,0.2,0,0,0.13333333333333333,0,0,0,0.06666666666666667,0.13333333333333333,0
Filming,0,0.2,0,0.4,0,0,0,0,0,0,0,0,0,0,0,0.2,0.2,0
Finding,0.1076923076923077,0.12307692307692308,0,0.2,0.046153846153846156,0,0,0.046153846153846156,0.13846153846153847,0,0.015384615384615385,0.09230769230769231,0,0,0,0.015384615384615385,0.18461538461538463,0.03076923076923077
Fixing,0.25,0,0,0.25,0,0,0,0,0,0,0.25,0,0,0,0,0,0.25,0
Flabbergasted,0.1111111111111111,0.1111111111111111,0,0.2222222222222222,0,0,0,0,0.2222222222222222,0,0,0.1111111111111111,0,0,0,0,0.1111111111111111,0.1111111111111111
Flawed,0,0.16666666666666666,0,0,0.3333333333333333,0,0,0,0.16666666666666666,0,0,0,0,0,0,0,0.3333333333333333,0
Fleeing,0.17647058823529413,0.058823529411764705,0,0.23529411764705882,0,0,0,0.11764705882352941,0.058823529411764705,0,0.058823529411764705,0.058823529411764705,0,0,0.058823529411764705,0,0.11764705882352941,0.058823529411764705
Flying,0.1,0.1,0,0.1,0.1,0,0,0,0,0.2,0,0,0,0,0,0,0.4,0
Followed,0,0.25,0,0.25,0,0,0,0,0.25,0,0,0,0,0,0,0,0.25,0
Following,0.14814814814814814,0.1111111111111111,0,0.18518518518518517,0.07407407407407407,0,0,0.037037037037037035,0.1111111111111111,0,0.037037037037037035,0.07407407407407407,0,0,0,0.037037037037037035,0.18518518518518517,0
Fooling,0.2857142857142857,0,0,0.2857142857142857,0,0,0,0,0,0,0.14285714285714285,0,0,0,0,0,0.2857142857142857,0
Forced,0.09090909090909091,0.18181818181818182,0,0.18181818181818182,0.045454545454545456,0,0.045454545454545456,0.045454545454545456,0.09090909090909091,0,0,0.045454545454545456,0,0,0.045454545454545456,0.045454545454545456,0.18181818181818182,0
Forcing,0.09523809523809523,0.14285714285714285,0,0.23809523809523808,0,0,0.047619047619047616,0.09523809523809523,0.09523809523809523,0,0,0.047619047619047616,0,0,0,0,0.19047619047619047,0.047619047619047616
Found,0.15625,0.0625,0,0.1875,0.03125,0,0,0,0.1875,0,0,0.15625,0,0,0,0.0625,0.15625,0
Frightened,0.2,0.1,0,0.2,0,0,0.1,0,0,0.1,0,0.1,0,0,0,0,0.2,0
Frustrated,0.16666666666666666,0.08333333333333333,0,0.16666666666666666,0.08333333333333333,0,0,0,0.125,0,0,0.125,0,0,0,0.041666666666666664,0.20833333333333334,0
Gaming,0,0.2,0,0.2,0,0,0,0,0,0.2,0,0,0,0.2,0,0,0.2,0
Gathering,0.16666666666666666,0,0,0.3333333333333333,0,0,0,0,0,0,0.16666666666666666,0,0,0,0,0.16666666666666666,0.16666666666666666,0
Gendered,0,0.3333333333333333,0,0.1111111111111111,0,0,0.2222222222222222,0,0,0,0,0,0,0,0,0,0.3333333333333333,0
Gendering,0.25,0,0,0,0.25,0,0,0,0.25,0,0,0,0,0,0,0,0.25,0
Generated,0.11538461538461539,0.11538461538461539,0,0.11538461538461539,0.11538461538461539,0,0,0,0.23076923076923078,0,0,0.07692307692307693,0,0,0.038461538461538464,0,0.19230769230769232,0
Generating,0,0.25,0,0.25,0,0,0,0,0.25,0,0,0,0,0,0,0,0.25,0
Giving,0.15384615384615385,0.07692307692307693,0,0.15384615384615385,0.07692307692307693,0,0,0,0.23076923076923078,0,0,0.07692307692307693,0,0,0,0,0.23076923076923078,0
Glitching,0,0.25,0,0,0.5,0,0,0,0,0,0,0,0,0,0,0,0.25,0
Griefing,0,0.25,0,0.25,0,0,0,0.125,0,0,0.125,0,0,0,0.125,0,0.125,0
grieved,0,0.25,0,0.25,0,0,0,0,0,0,0,0.25,0,0,0,0,0.25,0
Grieving,0.14285714285714285,0.10714285714285714,0,0.25,0,0,0,0,0.07142857142857142,0.03571428571428571,0.07142857142857142,0.10714285714285714,0,0,0,0.07142857142857142,0.10714285714285714,0.03571428571428571
Guided,0.1111111111111111,0.1111111111111111,0,0.2222222222222222,0.037037037037037035,0,0,0,0.2222222222222222,0,0,0.037037037037037035,0,0,0,0.07407407407407407,0.18518518518518517,0
Guiding,0.14285714285714285,0.09523809523809523,0,0.19047619047619047,0.09523809523809523,0,0,0,0.09523809523809523,0,0.047619047619047616,0,0,0,0,0,0.2857142857142857,0
Hacked,0.09090909090909091,0.13636363636363635,0,0.18181818181818182,0.18181818181818182,0,0,0.045454545454545456,0.09090909090909091,0,0.045454545454545456,0,0,0,0,0.09090909090909091,0.13636363636363635,0
Hacking,0.096,0.12,0.008,0.16,0.12,0,0.008,0,0.128,0,0.04,0.072,0.008,0,0,0.064,0.176,0
Harassed,0.125,0.125,0,0.25,0,0,0,0,0.125,0,0,0.125,0,0,0,0,0.25,0
Hating,0.2,0,0,0,0.2,0,0,0,0.2,0,0,0.2,0,0,0,0,0.2,0
Having sex,0.05714285714285714,0.11428571428571428,0,0.22857142857142856,0,0,0,0,0.14285714285714285,0.05714285714285714,0,0.11428571428571428,0,0.05714285714285714,0,0,0.17142857142857143,0.05714285714285714
Healing,0,0.25,0,0.25,0,0,0,0,0.25,0,0,0,0,0,0,0,0.25,0
Heating,0,0.2,0,0.2,0,0,0,0,0.2,0,0,0.2,0,0,0,0,0.2,0
Helped,0.0875,0.15,0,0.1875,0.0375,0,0.0125,0.0375,0.1375,0,0.0125,0.0625,0,0.0125,0,0.05,0.2,0.0125
Helping,0.12048192771084337,0.12048192771084337,0,0.13253012048192772,0.14457831325301204,0,0.012048192771084338,0.03614457831325301,0.12048192771084337,0.012048192771084338,0.012048192771084338,0.060240963855421686,0,0,0.012048192771084338,0.024096385542168676,0.1927710843373494,0
Hesitating,0.14285714285714285,0,0,0.2857142857142857,0,0,0,0,0,0.14285714285714285,0,0.14285714285714285,0,0,0,0,0.2857142857142857,0
Hiding,0.09859154929577464,0.11971830985915492,0,0.22535211267605634,0.014084507042253521,0,0,0.007042253521126761,0.14788732394366197,0.007042253521126761,0.04225352112676056,0.09859154929577464,0.007042253521126761,0,0.007042253521126761,0.04929577464788732,0.16901408450704225,0
Highlighting,0.3333333333333333,0,0,0,0.3333333333333333,0,0,0,0,0,0,0,0,0,0,0.3333333333333333,0,0
Hijacked,0,0,0,0.5,0,0,0,0,0,0,0,0,0,0,0,0,0.5,0
Holding,0,0.21428571428571427,0,0.21428571428571427,0,0,0,0.14285714285714285,0.07142857142857142,0,0,0.07142857142857142,0,0,0,0,0.2857142857142857,0
Hoping,0.3333333333333333,0,0,0.3333333333333333,0,0,0,0,0,0,0,0,0,0,0.3333333333333333,0,0,0
Hugging,0.25,0,0,0.25,0,0,0,0,0.25,0,0,0,0,0,0,0,0.25,0
Hunted,0.0898876404494382,0.1348314606741573,0,0.19101123595505617,0.011235955056179775,0.011235955056179775,0.0449438202247191,0.011235955056179775,0.1348314606741573,0.011235955056179775,0.02247191011235955,0.10112359550561797,0,0.011235955056179775,0.011235955056179775,0.06741573033707865,0.14606741573033707,0
Hunting,0.07042253521126761,0.15492957746478872,0,0.16901408450704225,0.08450704225352113,0.014084507042253521,0.04225352112676056,0.014084507042253521,0.11267605633802817,0.028169014084507043,0.028169014084507043,0.028169014084507043,0,0,0,0.028169014084507043,0.22535211267605634,0
Hurt,0,0.25,0,0.25,0,0,0,0,0.125,0.125,0,0,0,0,0,0,0.25,0
Hurting,0,0.25,0,0.25,0,0,0,0,0.25,0,0,0,0,0,0,0,0,0.25
hypnotized,0,0.25,0,0.25,0,0,0,0,0.25,0,0,0,0,0,0,0.125,0.125,0
Hypnotizing,0.125,0.125,0,0.25,0,0,0,0,0.25,0,0,0,0,0,0,0.125,0.125,0
Hypothesizing,0,0.2,0,0.2,0,0,0,0,0.2,0,0,0.2,0,0,0,0,0.2,0
Identified,0.06622516556291391,0.152317880794702,0,0.2251655629139073,0.006622516556291391,0,0.019867549668874173,0.013245033112582781,0.15894039735099338,0,0.026490066225165563,0.07947019867549669,0,0,0.026490066225165563,0.046357615894039736,0.17880794701986755,0
Identifying,0.08333333333333333,0.20833333333333334,0,0.20833333333333334,0.125,0,0,0.041666666666666664,0.041666666666666664,0,0,0.041666666666666664,0,0,0.041666666666666664,0,0.20833333333333334,0
Ignored,0.15384615384615385,0.07692307692307693,0,0.15384615384615385,0.07692307692307693,0,0,0,0.15384615384615385,0.07692307692307693,0,0.07692307692307693,0,0,0,0,0.23076923076923078,0
Ignoring,0.05263157894736842,0.21052631578947367,0,0.21052631578947367,0.05263157894736842,0,0.05263157894736842,0.05263157894736842,0.05263157894736842,0,0,0.10526315789473684,0,0,0,0,0.21052631578947367,0
Illuminated,0.2,0,0,0.2,0,0,0,0,0,0,0.2,0.2,0,0,0,0,0.2,0
Imagining,0.2222222222222222,0,0,0.2222222222222222,0,0,0,0,0.2222222222222222,0,0,0.1111111111111111,0,0,0,0.1111111111111111,0.1111111111111111,0
Imitated,0,0.2,0,0.2,0,0,0,0,0.2,0,0,0.2,0,0,0,0,0.2,0
Impaired,0,0.25,0,0,0.25,0,0,0,0.25,0,0,0,0,0,0,0,0.25,0
Impersonated,0.18181818181818182,0.09090909090909091,0,0.2727272727272727,0,0,0,0.09090909090909091,0,0,0.09090909090909091,0,0,0,0,0,0.2727272727272727,0
Impersonating,0.10526315789473684,0.10526315789473684,0,0.10526315789473684,0.10526315789473684,0,0.05263157894736842,0,0.21052631578947367,0,0,0.05263157894736842,0,0,0,0,0.2631578947368421,0
Implanting,0,0.25,0,0,0.25,0,0,0,0.25,0,0,0,0,0,0,0,0.25,0
Implementing,0,0.3333333333333333,0,0.3333333333333333,0,0,0,0,0,0,0,0,0,0,0,0,0.3333333333333333,0
Impressed,0.1111111111111111,0.1111111111111111,0,0.2222222222222222,0,0,0,0,0.2222222222222222,0,0,0.1111111111111111,0,0,0,0,0.2222222222222222,0
Impressing,0.25,0,0,0,0.25,0,0,0,0.25,0,0,0,0,0,0,0,0.25,0
Imprisoned,0,0.25,0,0.25,0,0,0,0,0.25,0,0,0,0,0,0,0,0.25,0
Improving,0,0.2,0,0.2,0,0,0,0,0.2,0,0,0.2,0,0,0,0,0.2,0
Incapacitated,0,0.3333333333333333,0,0.3333333333333333,0,0,0,0,0,0,0,0,0,0,0,0,0.3333333333333333,0
Incarcerated,0.25,0,0,0.25,0,0,0,0,0,0,0.25,0,0,0,0,0,0.25,0
Inexperienced,0,0.2,0,0.2,0,0,0,0,0.2,0,0,0.2,0,0,0,0.2,0,0
Infiltrating,0.16666666666666666,0,0,0.16666666666666666,0.16666666666666666,0,0,0,0.16666666666666666,0,0,0,0,0,0,0,0.3333333333333333,0
Influenced,0.25,0,0,0.25,0,0,0,0,0,0,0.25,0,0,0,0,0,0.25,0
Influencing,0.25,0,0,0.25,0,0,0,0,0.25,0,0,0,0,0,0,0,0.25,0
Informed,0.08661417322834646,0.12598425196850394,0,0.1889763779527559,0.047244094488188976,0,0,0.023622047244094488,0.11811023622047244,0.023622047244094488,0.015748031496062992,0.12598425196850394,0.007874015748031496,0,0,0.015748031496062992,0.1968503937007874,0.023622047244094488
Informing,0.1,0.13333333333333333,0,0.2,0.06666666666666667,0,0,0,0.16666666666666666,0.03333333333333333,0,0.06666666666666667,0,0,0.03333333333333333,0,0.16666666666666666,0.03333333333333333
Inhabiting,0,0,0,0,0,1,0,0,0,0,0,0,0,0,0,0,0,0
Inhibited,0.2,0,0,0.2,0,0,0,0,0.2,0,0,0.2,0,0,0,0.2,0,0
Initiating,0.14285714285714285,0.14285714285714285,0,0.2857142857142857,0,0,0,0,0.14285714285714285,0,0,0,0,0.14285714285714285,0,0,0.14285714285714285,0
Injured,0.125,0.125,0,0.25,0,0,0,0.125,0,0,0.125,0,0,0,0,0,0.25,0
Inspecting,0,0.2222222222222222,0,0.2222222222222222,0,0,0,0,0.2222222222222222,0,0,0,0,0.1111111111111111,0,0,0.2222222222222222,0
Inspired,0,0.14285714285714285,0,0.2857142857142857,0,0,0,0,0.14285714285714285,0,0,0.14285714285714285,0,0,0,0.14285714285714285,0,0.14285714285714285
Inspiring,0.09090909090909091,0.18181818181818182,0,0.18181818181818182,0.09090909090909091,0,0,0.09090909090909091,0.09090909090909091,0,0,0,0,0,0,0,0.2727272727272727,0
Instructed,0,0.25,0,0.25,0,0,0,0,0.25,0,0,0,0,0,0,0.25,0,0
Instructing,0.2222222222222222,0.1111111111111111,0,0.1111111111111111,0.3333333333333333,0,0,0,0,0,0,0,0,0,0.1111111111111111,0,0.1111111111111111,0
Interacting,0.04838709677419355,0.14516129032258066,0,0.20967741935483872,0.03225806451612903,0,0,0.016129032258064516,0.16129032258064516,0.016129032258064516,0,0.11290322580645161,0.016129032258064516,0,0.03225806451612903,0.03225806451612903,0.1774193548387097,0
Intercepting,0.3333333333333333,0,0,0.3333333333333333,0,0,0,0,0,0,0,0,0,0,0,0.3333333333333333,0,0
Interpreted,0.25,0,0,0.25,0,0,0,0,0,0.25,0,0,0,0,0,0,0.25,0
Interpreting,0.1111111111111111,0.05555555555555555,0,0.16666666666666666,0.16666666666666666,0,0,0,0.05555555555555555,0.05555555555555555,0.05555555555555555,0,0,0,0,0,0.3333333333333333,0
Interrogating,0.2222222222222222,0,0,0.1111111111111111,0.1111111111111111,0,0,0,0.2222222222222222,0,0,0.1111111111111111,0,0,0,0,0.2222222222222222,0
Intervening,0.25,0,0,0.25,0,0,0,0,0.25,0,0,0,0,0,0,0,0.25,0
Interviewed,0,0,0,0.5,0,0,0,0,0,0,0,0,0,0,0,0.5,0,0
Intimidated,0.2,0,0,0.1,0.1,0,0,0.2,0,0,0,0,0.2,0,0,0,0.2,0
Intimidating,0,0.25,0,0,0,0,0.25,0,0.25,0,0,0,0,0,0,0,0,0.25
Introduced,0,0.2,0,0.2,0,0,0,0,0.2,0,0,0.2,0,0,0,0,0.2,0
Introducing,0,0,0,0.3333333333333333,0,0,0,0,0,0,0,0,0,0,0,0,0.3333333333333333,0
Intruding,0.125,0.125,0,0.25,0,0,0,0,0.125,0,0,0.125,0,0,0.0625,0,0.1875,0
Invaded,0.25,0,0,0.25,0,0,0,0,0.25,0,0,0,0,0,0,0.25,0,0
Invading,0,0.2,0,0,0.2,0,0,0,0.2,0,0,0.2,0,0,0,0,0.2,0
Inventing,0.25,0,0,0.25,0,0,0,0,0,0.25,0,0,0,0,0,0,0.25,0
Investigated,0,0.18181818181818182,0,0.2727272727272727,0,0,0,0.09090909090909091,0.18181818181818182,0,0,0,0,0,0,0,0.2727272727272727,0
Investigating,0.06306306306306306,0.17117117117117117,0,0.1891891891891892,0.04504504504504504,0,0,0.018018018018018018,0.16216216216216217,0,0.009009009009009009,0.10810810810810811,0,0,0,0.009009009009009009,0.22522522522522523,0
Irritated,0,0.25,0,0.25,0,0,0,0,0.25,0,0,0,0,0,0,0.25,0,0
Joking,0,0.2,0,0.2,0,0,0,0,0.2,0,0,0.2,0,0,0,0.2,0,0
Judged,0.14285714285714285,0,0,0.2857142857142857,0,0,0,0,0.14285714285714285,0,0,0.14285714285714285,0,0,0,0,0.2857142857142857,0
Judging,0,0.2857142857142857,0,0.14285714285714285,0.14285714285714285,0,0.14285714285714285,0,0.14285714285714285,0,0,0.14285714285714285,0,0,0,0,0,0
Kidnapped,0,0.25,0,0.25,0,0,0,0.25,0,0,0,0,0,0,0,0.25,0,0
Killed,0.06422018348623854,0.1834862385321101,0,0.26605504587155965,0,0,0.009174311926605505,0.009174311926605505,0.11009174311926606,0,0.03669724770642202,0.045871559633027525,0,0.009174311926605505,0.027522935779816515,0.009174311926605505,0.22935779816513763,0
Killing,0.04861111111111111,0.19444444444444445,0,0.18055555555555555,0.08333333333333333,0,0.006944444444444444,0.006944444444444444,0.16666666666666666,0.006944444444444444,0.006944444444444444,0.0625,0,0,0.006944444444444444,0.013888888888888888,0.2152777777777778,0
Kissing,0,0.2,0,0.2,0,0,0,0,0,0,0.2,0,0.2,0,0,0,0.2,0
Kneeling,0,0.25,0,0.25,0,0,0,0.25,0,0,0,0,0,0,0,0,0.25,0
Labeled,0,0.25,0,0.25,0,0,0.25,0,0,0,0,0,0,0,0,0,0.25,0
Labeling,0,0,0,0.4166666666666667,0.08333333333333333,0,0,0,0.08333333333333333,0,0,0,0,0,0,0,0.4166666666666667,0
Laughing,0.1111111111111111,0.1111111111111111,0,0.2777777777777778,0,0,0,0,0.1111111111111111,0,0,0.05555555555555555,0,0.05555555555555555,0,0.05555555555555555,0.2222222222222222,0
Learning,0.11818181818181818,0.10909090909090909,0,0.2,0.045454545454545456,0.00909090909090909,0,0.03636363636363636,0.13636363636363635,0,0.01818181818181818,0.10909090909090909,0,0,0,0.03636363636363636,0.16363636363636364,0.01818181818181818
Liberated,0.2,0,0,0.2,0,0,0,0,0.2,0,0,0.2,0,0,0,0,0.2,0
Limited,0.09090909090909091,0.18181818181818182,0,0.18181818181818182,0.09090909090909091,0,0,0,0.09090909090909091,0.09090909090909091,0,0.09090909090909091,0,0,0,0,0.18181818181818182,0
Listening,0.05,0.2,0,0.2,0.05,0,0,0.05,0.15,0.05,0,0,0,0,0,0,0.25,0
Located,0,0.25,0,0,0.125,0,0.125,0,0.125,0.125,0,0,0,0,0,0,0.25,0
Locating,0.10526315789473684,0.10526315789473684,0,0.21052631578947367,0.05263157894736842,0,0,0,0.10526315789473684,0.05263157894736842,0.05263157894736842,0.05263157894736842,0,0,0,0,0.2631578947368421,0
Logging,0,0,0.25,0,0.25,0,0,0,0,0,0,0.25,0,0,0,0,0.25,0
Longing,0.1,0.1,0,0.3,0,0,0,0.1,0.1,0,0,0,0,0,0,0,0.3,0
Looking,0.058823529411764705,0.16470588235294117,0,0.2235294117647059,0.011764705882352941,0,0,0.058823529411764705,0.12941176470588237,0,0.011764705882352941,0.09411764705882353,0.011764705882352941,0,0,0.023529411764705882,0.21176470588235294,0
Losing,0.2,0,0,0.2,0,0,0,0,0,0.2,0,0,0,0.2,0,0,0.2,0
Lost,0,0.25,0,0.25,0,0,0,0,0.25,0,0,0,0,0,0,0,0.25,0
Loved,0.08333333333333333,0.125,0,0.125,0.08333333333333333,0,0,0,0.16666666666666666,0,0.041666666666666664,0.16666666666666666,0,0,0,0.041666666666666664,0.16666666666666666,0
Loving,0.09523809523809523,0.047619047619047616,0.047619047619047616,0.047619047619047616,0.19047619047619047,0,0,0,0.14285714285714285,0,0,0.19047619047619047,0,0,0,0,0.23809523809523808,0
Lured,0,0.25,0,0.25,0,0,0,0,0,0,0,0.25,0,0,0,0,0.25,0
Lying,0.25,0,0,0.25,0,0,0,0,0.25,0,0,0,0,0,0,0,0.25,0
Magnified,0,0.25,0,0.25,0,0,0,0,0.25,0,0,0,0,0,0,0,0.25,0
Maintaining,0,0.3333333333333333,0,0.3333333333333333,0,0,0,0,0,0,0,0,0,0,0,0,0.3333333333333333,0
Malfunctioning,0,0.25,0,0,0.25,0,0,0,0.25,0,0,0,0,0,0,0,0.25,0
Maneuvering,0,0.2222222222222222,0,0.2222222222222222,0,0,0,0,0.2222222222222222,0,0,0.1111111111111111,0,0,0,0,0.2222222222222222,0
Manifested,0.2,0,0,0,0.2,0,0,0,0.2,0,0,0.2,0,0,0,0,0.2,0
Manipulated,0.16129032258064516,0.06451612903225806,0,0.22580645161290322,0,0,0,0,0.16129032258064516,0,0,0.16129032258064516,0,0,0,0.03225806451612903,0.16129032258064516,0.03225806451612903
Manipulating,0.08108108108108109,0.13513513513513514,0,0.17567567567567569,0.06756756756756757,0,0,0.013513513513513514,0.13513513513513514,0.02702702702702703,0.013513513513513514,0.10810810810810811,0,0,0,0.013513513513513514,0.22972972972972974,0
Mapping,0,0.25,0,0.25,0,0,0,0,0,0,0.25,0,0,0,0,0,0.25,0
Marked,0,0.2,0,0.2,0,0,0,0,0.2,0,0,0.2,0,0,0,0,0.2,0
Masked,0.1111111111111111,0.1111111111111111,0,0.2222222222222222,0,0,0,0,0,0.1111111111111111,0.1111111111111111,0,0.1111111111111111,0,0,0,0.2222222222222222,0
Matched,0.25,0,0,0.125,0.125,0,0,0,0.125,0,0.125,0,0,0,0,0.25,0,0
Matching,0,0,0,0,1,0,0,0,0,0,0,0,0,0,0,0,0,0
Materialised,0,0.25,0,0,0.25,0,0,0,0.25,0,0,0,0,0,0,0,0.25,0
Materialising,0.3333333333333333,0,0,0,0.3333333333333333,0,0,0,0,0,0,0,0,0,0,0,0.3333333333333333,0
Measured,0,0.25,0,0.25,0,0,0,0,0.25,0,0,0,0,0,0,0,0.25,0
Mediating,0.18181818181818182,0.09090909090909091,0,0.18181818181818182,0,0,0,0.09090909090909091,0.09090909090909091,0.09090909090909091,0,0,0,0,0,0,0.2727272727272727,0
Merged,0,0.2,0,0.2,0,0,0,0,0.2,0,0,0.2,0,0,0,0,0.2,0
Mimicked,0.15384615384615385,0.07692307692307693,0,0.23076923076923078,0,0,0,0,0.23076923076923078,0,0,0.07692307692307693,0,0,0,0,0.23076923076923078,0
Mimicking,0.07692307692307693,0.07692307692307693,0,0.15384615384615385,0.07692307692307693,0,0.07692307692307693,0,0.23076923076923078,0,0,0,0,0,0.07692307692307693,0,0.15384615384615385,0
Mirroring,0,0,0,0,0.25,0,0,0,0.25,0,0,0,0,0,0.25,0,0,0
Misgendered,0.125,0.125,0,0.25,0,0,0,0,0.125,0.125,0,0,0,0,0,0,0.25,0
Misidentified,0,0.2,0,0.2,0,0,0,0,0.2,0,0,0.2,0,0,0,0,0.2,0
Misidentifying,0.25,0,0,0.25,0,0,0,0.25,0,0,0,0,0,0,0,0,0.25,0
Misinterpreted,0.2,0,0,0.3,0,0,0,0,0,0.2,0.1,0,0,0,0,0,0.2,0
Misrepresented,0.3333333333333333,0,0,0.3333333333333333,0,0,0,0,0,0,0,0,0,0,0,0.3333333333333333,0,0
Misrepresenting,0.2,0,0,0.2,0,0,0,0,0,0,0.2,0.2,0,0,0,0,0.2,0
Missing,0.25,0,0,0.25,0.125,0,0,0,0,0.125,0,0,0,0,0,0,0.25,0
Mistaking,0,0.14285714285714285,0,0.14285714285714285,0.14285714285714285,0,0,0,0,0,0.14285714285714285,0.14285714285714285,0,0,0,0,0.2857142857142857,0
Mocking,0,0.25,0,0.25,0,0,0,0,0.25,0,0,0,0,0,0,0,0.25,0
Modified,0,0.25,0,0,0.25,0,0,0,0.25,0,0,0,0,0,0,0,0.25,0
Modifying,0.125,0.125,0,0.25,0,0,0,0,0.25,0,0,0,0,0,0.125,0,0.125,0
Monitored,0.10843373493975904,0.0963855421686747,0,0.21686746987951808,0.024096385542168676,0.012048192771084338,0.03614457831325301,0.03614457831325301,0.07228915662650602,0.024096385542168676,0.03614457831325301,0.060240963855421686,0,0,0.012048192771084338,0.08433734939759036,0.1686746987951807,0.012048192771084338
Monitoring,0.10638297872340426,0.14893617021276595,0,0.2127659574468085,0.0851063829787234,0,0,0.02127659574468085,0.10638297872340426,0.02127659574468085,0.02127659574468085,0.02127659574468085,0,0,0,0,0.2553191489361702,0
Morphing,0.14285714285714285,0.14285714285714285,0,0.14285714285714285,0.14285714285714285,0,0,0,0.14285714285714285,0,0,0,0,0,0,0,0.2857142857142857,0
Moving,0,0.16666666666666666,0,0.16666666666666666,0.16666666666666666,0,0,0,0,0,0.16666666666666666,0,0,0,0,0.16666666666666666,0.16666666666666666,0
Multitasking,0,0.5,0,0,0.5,0,0,0,0,0,0,0,0,0,0,0,0,0
Mutilated,0.2,0,0,0.4,0,0,0,0,0,0,0,0,0,0,0,0,0.4,0
Mutilating,0.14285714285714285,0.14285714285714285,0,0.14285714285714285,0.14285714285714285,0,0,0,0.14285714285714285,0,0,0,0,0,0,0,0.2857142857142857,0
Nagged,0,0.3333333333333333,0,0,0,0,0.3333333333333333,0,0,0,0,0,0,0,0,0,0.3333333333333333,0
Nagging,0.25,0,0,0,0.25,0,0,0,0.25,0,0,0,0,0,0,0,0.25,0
Narrating,0.23076923076923078,0,0,0.3076923076923077,0,0,0,0,0,0.07692307692307693,0.07692307692307693,0,0,0,0,0,0.23076923076923078,0.07692307692307693
Nauseated,0.2,0,0,0.2,0,0,0,0,0.2,0,0,0.2,0,0,0,0.2,0,0
Navigating,0.08196721311475409,0.14754098360655737,0,0.18032786885245902,0.04918032786885246,0,0,0.01639344262295082,0.13114754098360656,0.03278688524590164,0.03278688524590164,0.09836065573770492,0,0.01639344262295082,0,0,0.21311475409836064,0
Neglected,0.25,0,0,0.25,0,0,0,0,0,0.25,0,0,0,0,0,0,0.25,0
Nurtured,0.14285714285714285,0.14285714285714285,0,0.14285714285714285,0,0,0.14285714285714285,0,0.14285714285714285,0,0,0,0,0,0,0,0.2857142857142857,0
Nurturing,0.25,0,0,0,0.25,0,0,0,0.25,0,0,0,0,0,0,0,0.25,0
Obeying,0.16129032258064516,0.06451612903225806,0,0.25806451612903225,0,0,0,0.03225806451612903,0.0967741935483871,0.03225806451612903,0.06451612903225806,0.03225806451612903,0,0,0,0.06451612903225806,0.16129032258064516,0.03225806451612903
Obfuscated,0,0.25,0,0.25,0,0,0,0,0,0,0.25,0,0,0,0,0,0.25,0
Obfuscating,0.2222222222222222,0,0,0.2222222222222222,0,0,0,0,0.2222222222222222,0,0,0,0.1111111111111111,0,0,0.2222222222222222,0,0
Objectifying,0,0.2,0,0.2,0,0,0,0,0,0.2,0,0.2,0,0,0,0,0.2,0
Objecting,0.3333333333333333,0,0,0.3333333333333333,0,0,0,0,0,0,0,0,0,0,0,0,0,0.3333333333333333
Obscured,0,0.25,0,0.25,0,0,0,0,0,0,0,0.25,0,0,0,0,0.25,0
Obscuring,0.2,0,0,0.2,0,0,0,0,0.2,0,0,0.2,0,0,0,0,0.2,0
Observed,0.10909090909090909,0.12727272727272726,0,0.21818181818181817,0.01818181818181818,0,0.05454545454545454,0,0.12727272727272726,0.01818181818181818,0.03636363636363636,0.05454545454545454,0,0,0.01818181818181818,0.01818181818181818,0.2,0
Observing,0.09090909090909091,0.15702479338842976,0,0.19008264462809918,0.06611570247933884,0,0.008264462809917356,0.03305785123966942,0.1322314049586777,0.01652892561983471,0.008264462809917356,0.06611570247933884,0,0,0.008264462809917356,0.008264462809917356,0.21487603305785125,0
Obsessed,0.07142857142857142,0.14285714285714285,0,0.21428571428571427,0,0,0,0,0,0.14285714285714285,0,0.07142857142857142,0,0.14285714285714285,0,0,0.21428571428571427,0
Obstructed,0,0.25,0,0.25,0,0,0,0,0.25,0,0,0,0,0,0,0,0.25,0
Obstructing,0,0.25,0,0.25,0,0,0,0,0.25,0,0,0,0,0,0,0,0.25,0
Operated,0,0.3333333333333333,0,0,0.3333333333333333,0,0,0,0,0,0,0,0,0,0,0,0.3333333333333333,0
Operating,0.125,0.08333333333333333,0,0.25,0,0,0.041666666666666664,0.08333333333333333,0.041666666666666664,0.08333333333333333,0.041666666666666664,0,0,0,0,0,0.25,0
Oppressed,0.13333333333333333,0.1,0,0.23333333333333334,0,0,0,0,0.13333333333333333,0.06666666666666667,0,0.06666666666666667,0,0.03333333333333333,0,0.06666666666666667,0.16666666666666666,0
Orchestrated,0,0.16666666666666666,0,0.16666666666666666,0,0,0,0,0.16666666666666666,0,0,0.16666666666666666,0,0,0,0,0.3333333333333333,0
Ordering,0,0.18181818181818182,0,0.18181818181818182,0.09090909090909091,0,0,0,0.18181818181818182,0,0,0.09090909090909091,0,0.09090909090909091,0,0,0.18181818181818182,0
Organizing,0,0.2,0,0.2,0,0,0,0,0.2,0,0,0.2,0,0,0,0,0.2,0
Outsmarted,0,0,0,0,0.25,0,0,0,0.25,0,0,0,0,0,0.25,0,0,0
Outsmarting,0.25,0,0,0,0.25,0,0,0,0.25,0,0,0,0,0,0,0,0.25,0
Overlayed,0.25,0,0,0.25,0,0,0,0,0.25,0,0,0,0,0,0,0,0.25,0
Overlooking,0.05263157894736842,0.15789473684210525,0,0.10526315789473684,0.10526315789473684,0,0,0,0.21052631578947367,0,0,0.15789473684210525,0,0,0,0,0.21052631578947367,0
Overwhelmed,0.09090909090909091,0.13636363636363635,0,0.18181818181818182,0.045454545454545456,0,0,0.045454545454545456,0.13636363636363635,0,0.045454545454545456,0.09090909090909091,0,0,0,0,0.22727272727272727,0
Overworked,0.16666666666666666,0,0,0.3333333333333333,0,0,0,0,0,0.16666666666666666,0,0,0,0,0,0.16666666666666666,0.16666666666666666,0
Painting,0.2,0,0,0.2,0,0,0,0,0.2,0,0,0.2,0,0,0,0,0.2,0
Panicking,0.05714285714285714,0.14285714285714285,0.02857142857142857,0.17142857142857143,0.05714285714285714,0,0,0.05714285714285714,0.11428571428571428,0,0.02857142857142857,0.11428571428571428,0,0,0,0,0.22857142857142856,0
Participating,0.06666666666666667,0.13333333333333333,0,0.2,0,0,0,0,0.13333333333333333,0,0.06666666666666667,0.13333333333333333,0.06666666666666667,0,0,0,0.2,0
Passive,0.3333333333333333,0,0,0,0,0,0.3333333333333333,0,0,0,0,0,0,0,0,0,0.3333333333333333,0
Patrolling,0,0.3333333333333333,0,0.3333333333333333,0,0,0,0,0,0,0,0,0,0,0,0,0.3333333333333333,0
Paying,0.25,0,0,0.25,0,0,0,0,0.125,0,0,0,0.125,0,0,0.125,0.125,0
Performing,0.0967741935483871,0.0967741935483871,0,0.25806451612903225,0,0,0,0,0.1935483870967742,0.03225806451612903,0,0.03225806451612903,0,0,0,0,0.25806451612903225,0
Persuaded,0.1,0.1,0,0.2,0,0,0,0,0.2,0,0,0.2,0,0,0,0,0.1,0.1
Persuading,0,0.3333333333333333,0,0,0.3333333333333333,0,0,0,0.16666666666666666,0,0,0,0,0,0,0,0.16666666666666666,0
Philosophising,0,0.2222222222222222,0,0.2222222222222222,0,0,0,0,0.2222222222222222,0,0,0.1111111111111111,0,0,0,0,0.2222222222222222,0
Photographed,0,0.13333333333333333,0,0.3333333333333333,0,0,0,0,0.13333333333333333,0,0,0,0,0,0,0,0.3333333333333333,0
Photographing,0.13636363636363635,0.09090909090909091,0,0.22727272727272727,0.045454545454545456,0,0,0,0.09090909090909091,0,0.045454545454545456,0.09090909090909091,0.045454545454545456,0,0,0.09090909090909091,0.13636363636363635,0
Picking,0,0.25,0,0.25,0,0,0,0,0.25,0,0,0,0,0,0,0,0.25,0
Pierced,0.25,0,0,0.25,0,0,0,0,0,0,0,0.25,0,0,0,0.25,0,0
Planning,0.09523809523809523,0.12698412698412698,0,0.19047619047619047,0.06349206349206349,0,0.031746031746031744,0.047619047619047616,0.07936507936507936,0,0.031746031746031744,0.1111111111111111,0,0,0,0.06349206349206349,0.12698412698412698,0.031746031746031744
Playing,0.10294117647058823,0.1323529411764706,0,0.17647058823529413,0.04411764705882353,0.014705882352941176,0,0.04411764705882353,0.16176470588235295,0,0,0.10294117647058823,0,0,0.029411764705882353,0.029411764705882353,0.16176470588235295,0
Pleased,0.1111111111111111,0.1111111111111111,0,0.1111111111111111,0.1111111111111111,0,0,0,0.1111111111111111,0,0.1111111111111111,0.1111111111111111,0,0,0,0,0.2222222222222222,0
Pleasuring,0.2,0,0,0,0.2,0,0,0,0.2,0,0,0.2,0,0,0,0,0.2,0
Plotting,0.25,0,0,0.25,0,0,0,0,0.25,0,0,0,0,0,0,0.125,0.125,0
Pointing,0,0.25,0,0.25,0,0,0,0.25,0,0,0,0,0,0,0,0,0.25,0
Posing,0.038461538461538464,0.15384615384615385,0,0.2692307692307692,0,0,0,0.038461538461538464,0.07692307692307693,0.038461538461538464,0.038461538461538464,0,0.038461538461538464,0,0,0,0.2692307692307692,0
Practicing,0,0.2222222222222222,0,0.1111111111111111,0.1111111111111111,0,0,0,0.2222222222222222,0,0,0.1111111111111111,0,0,0,0,0.2222222222222222,0
Pranked,0,0.25,0,0.25,0,0,0,0,0.25,0,0,0,0,0,0,0.25,0,0
Pranking,0.25,0,0,0.25,0,0,0,0,0.25,0,0,0,0,0,0,0.25,0,0
Predicted,0,0.25,0,0.25,0,0,0,0,0.25,0,0,0,0,0,0,0,0.25,0
Predicting,0.22727272727272727,0.045454545454545456,0,0.13636363636363635,0.13636363636363635,0,0.045454545454545456,0.045454545454545456,0.09090909090909091,0,0,0,0,0,0,0,0.2727272727272727,0
Preoccupied,0,0.5,0,0,0.5,0,0,0,0,0,0,0,0,0,0,0,0,0
Preoccupying,0,0.5,0,0,0,0,0.5,0,0,0,0,0,0,0,0,0,0,0
Preparing,0,0.25,0,0.25,0,0,0,0,0.25,0,0,0,0,0,0,0,0.25,0
Presented,0.125,0.125,0,0.125,0.125,0,0,0,0.25,0,0,0,0,0,0,0,0.25,0
Presenting,0,0.25,0,0.25,0,0,0,0,0.16666666666666666,0.08333333333333333,0,0,0,0,0,0,0.25,0
Pretending,0.09090909090909091,0.15151515151515152,0,0.24242424242424243,0,0,0,0.030303030303030304,0.18181818181818182,0,0,0.06060606060606061,0,0,0,0,0.24242424242424243,0
Printing,0,0.25,0,0.25,0,0,0,0,0,0,0.25,0,0,0,0,0,0.25,0
Problem-solving,0.15384615384615385,0.07692307692307693,0,0.07692307692307693,0.23076923076923078,0,0,0,0.15384615384615385,0,0.07692307692307693,0,0,0,0,0,0.23076923076923078,0
Processing,0.20833333333333334,0.041666666666666664,0,0.08333333333333333,0.20833333333333334,0,0,0.041666666666666664,0,0.041666666666666664,0.08333333333333333,0.041666666666666664,0,0,0.041666666666666664,0,0.20833333333333334,0
Proctecting,0.5,0,0,0,0,0,0.5,0,0,0,0,0,0,0,0,0,0,0
Profiling,0,0.2,0,0.2,0,0,0,0,0.2,0,0,0.2,0,0,0,0,0.2,0
Programming,0,0.3333333333333333,0,0.3333333333333333,0,0,0,0,0,0,0,0,0,0,0,0,0.3333333333333333,0
Projected,0.0784313725490196,0.11764705882352941,0,0.0784313725490196,0.09803921568627451,0,0.058823529411764705,0,0.17647058823529413,0,0.0196078431372549,0.09803921568627451,0,0,0.0392156862745098,0,0.1568627450980392,0.0392156862745098
Projecting,0.1875,0.0625,0,0,0.125,0,0.125,0,0.125,0,0,0.125,0,0,0,0,0.25,0
Protected,0.0967741935483871,0.11290322580645161,0,0.22580645161290322,0.016129032258064516,0,0,0.016129032258064516,0.11290322580645161,0.06451612903225806,0.016129032258064516,0.0967741935483871,0,0,0.016129032258064516,0.016129032258064516,0.20967741935483872,0
Protecting,0.06578947368421052,0.15789473684210525,0,0.18421052631578946,0.05263157894736842,0,0.013157894736842105,0.013157894736842105,0.14473684210526316,0,0.02631578947368421,0.13157894736842105,0,0,0,0,0.21052631578947367,0
Protesting,0.058823529411764705,0.17647058823529413,0,0.23529411764705882,0,0,0,0,0.11764705882352941,0.058823529411764705,0.058823529411764705,0,0.058823529411764705,0,0,0,0.23529411764705882,0
Provoked,0,0.2,0,0.2,0,0,0,0,0.2,0,0,0.2,0,0,0,0,0,0.2
Provoking,0,0.25,0,0.25,0,0,0,0,0.25,0,0,0,0,0,0,0.25,0,0
Punched,0,0.25,0,0.25,0,0,0,0,0.25,0,0,0,0,0,0,0,0.25,0
Punching,0,0.2857142857142857,0,0.2857142857142857,0,0,0,0.14285714285714285,0,0,0,0,0,0,0,0.14285714285714285,0.14285714285714285,0
Punished,0.1111111111111111,0.1111111111111111,0,0.2222222222222222,0,0,0,0,0.1111111111111111,0,0.1111111111111111,0.1111111111111111,0,0,0,0,0.2222222222222222,0
Puppeteering,0,0.25,0,0.25,0,0,0,0.25,0,0,0,0,0,0,0,0,0.25,0
Puzzled,0,0.2,0,0.2,0,0,0,0,0.2,0,0,0.2,0,0,0,0,0.2,0
Quantifying,0.25,0,0,0.25,0,0,0,0,0,0.25,0,0,0,0,0,0,0.25,0
Questioned,0.125,0.125,0,0.20833333333333334,0.041666666666666664,0,0,0,0.125,0.041666666666666664,0.041666666666666664,0.08333333333333333,0,0,0,0.041666666666666664,0.16666666666666666,0
Questioning,0.15789473684210525,0.07894736842105263,0,0.2631578947368421,0,0,0,0,0.13157894736842105,0.02631578947368421,0.05263157894736842,0.02631578947368421,0,0,0.02631578947368421,0.02631578947368421,0.18421052631578946,0.02631578947368421
Racing,0,0.25,0,0.25,0,0,0,0,0.25,0,0,0,0,0,0,0,0.25,0
Rapping,0,0.25,0,0.25,0,0,0,0,0,0.25,0,0,0,0,0,0,0.25,0
Reacting,0.2,0,0,0.2,0,0,0,0,0.2,0,0,0.2,0,0,0,0,0.2,0
Reading,0.05555555555555555,0.16666666666666666,0,0.2222222222222222,0.05555555555555555,0,0,0.1111111111111111,0,0,0.05555555555555555,0.1111111111111111,0,0,0,0,0.2222222222222222,0
Realizing,0,0.18181818181818182,0,0.18181818181818182,0,0,0.09090909090909091,0.09090909090909091,0,0.09090909090909091,0,0.09090909090909091,0,0,0,0,0.2727272727272727,0
Reassured,0.2,0,0,0.2,0,0,0,0,0,0.2,0,0.2,0,0,0,0,0.2,0
Reassuring,0.1875,0,0,0.0625,0.1875,0,0,0,0.1875,0,0,0.125,0,0,0,0,0.25,0
Rebooted,0,0.25,0,0,0.25,0,0,0,0.25,0,0,0,0,0,0,0,0.25,0
Rebooting,0,0.25,0,0.25,0,0,0,0,0.25,0,0,0,0,0,0,0,0.25,0
Recalling,0,0,0,0,1,0,0,0,0,0,0,0,0,0,0,0,0,0
Receiving,0.125,0.125,0,0.25,0,0,0,0,0.125,0.125,0,0,0,0,0,0.125,0.125,0
Recognised,0.1724137931034483,0.06896551724137931,0,0.1724137931034483,0.034482758620689655,0,0.034482758620689655,0,0.13793103448275862,0,0.034482758620689655,0.10344827586206896,0,0,0,0.034482758620689655,0.20689655172413793,0
Recognising,0.045454545454545456,0.18181818181818182,0,0.13636363636363635,0.22727272727272727,0,0,0.09090909090909091,0,0,0.045454545454545456,0.045454545454545456,0,0,0,0,0.22727272727272727,0
Reconfiguring,0.25,0,0,0.25,0,0,0,0,0,0,0.25,0,0,0,0,0,0.25,0
Reconstructed,0.125,0.125,0,0.25,0,0,0,0.125,0.125,0,0,0,0,0,0,0,0.25,0
Reconstructing,0,0.2,0,0.2,0,0,0,0,0.2,0,0,0.2,0,0,0,0,0.2,0
Recorded,0.1125,0.125,0,0.2625,0,0.0125,0,0.025,0.125,0.0125,0,0.075,0,0,0.025,0.05,0.15,0.025
Recording,0.12,0.08,0,0.16,0.16,0.04,0,0,0.04,0,0.04,0.04,0,0,0,0.04,0.28,0
Recruited,0,0.2,0,0.2,0,0,0,0,0,0.2,0,0.2,0,0,0,0,0.2,0
Refused,0.25,0,0,0.25,0,0,0,0,0,0,0.25,0,0,0,0,0.25,0,0
Refusing,0,0.25,0,0.25,0,0,0,0,0,0,0,0.25,0,0,0,0,0.25,0
Registered,0.25,0,0,0.25,0,0,0,0,0,0,0.25,0,0,0,0,0,0.25,0
Rejected,0,0.2,0,0.2,0,0,0,0.2,0,0,0,0.2,0,0,0,0,0.2,0
Rejecting,0,0,0,0.25,0,0,0,0,0.25,0,0,0.25,0,0,0,0,0,0.25
Relaxed,0.2,0,0,0.2,0,0,0,0,0.2,0,0,0.2,0,0,0,0.2,0,0
Releasing,0,0.25,0,0.25,0,0,0,0,0.25,0,0,0,0,0,0,0,0.25,0
Relived,0,0.3333333333333333,0,0.3333333333333333,0,0,0,0,0,0,0,0,0,0,0,0,0.3333333333333333,0
Reliving,0.08333333333333333,0.16666666666666666,0,0.25,0,0,0,0,0.16666666666666666,0,0,0.08333333333333333,0,0,0,0,0.16666666666666666,0.08333333333333333
Relocating,0.25,0,0,0,0.25,0,0,0,0.25,0,0,0,0,0,0,0,0.25,0
Remade,0,0.2,0,0.2,0,0,0,0.2,0,0,0,0.2,0,0,0,0.2,0,0
Remembered,0.125,0.125,0,0.25,0,0,0,0,0.125,0,0,0.125,0,0,0,0.125,0.125,0
Remembering,0.06976744186046512,0.18604651162790697,0,0.18604651162790697,0.06976744186046512,0,0,0.046511627906976744,0.11627906976744186,0,0,0.09302325581395349,0,0,0,0.023255813953488372,0.18604651162790697,0.023255813953488372
Reminded,0,0.18181818181818182,0,0.2727272727272727,0,0,0,0,0.09090909090909091,0,0.09090909090909091,0.09090909090909091,0,0,0,0,0.09090909090909091,0.18181818181818182
Reminding,0,0.3333333333333333,0,0.16666666666666666,0.16666666666666666,0,0,0,0,0,0.16666666666666666,0,0,0,0,0,0.16666666666666666,0
Removed,0,0,0,0,0,1,0,0,0,0,0,0,0,0,0,0,0,0
Removing,0.07692307692307693,0.15384615384615385,0,0.15384615384615385,0.07692307692307693,0,0,0.07692307692307693,0.07692307692307693,0,0.07692307692307693,0.07692307692307693,0,0,0,0,0.15384615384615385,0.07692307692307693
Repaired,0.3333333333333333,0,0,0,0.3333333333333333,0,0,0,0,0,0,0,0,0,0,0,0.3333333333333333,0
Repairing,0.15384615384615385,0.15384615384615385,0,0.23076923076923078,0.07692307692307693,0,0,0,0.15384615384615385,0,0,0,0,0,0,0.07692307692307693,0.15384615384615385,0
Replaced,0.0625,0.1875,0,0.25,0,0,0,0.0625,0.1875,0,0,0,0,0,0,0,0.25,0
Replacing,0.11764705882352941,0.11764705882352941,0,0.23529411764705882,0.058823529411764705,0,0,0,0.17647058823529413,0,0,0.058823529411764705,0,0,0,0.058823529411764705,0.17647058823529413,0
Replicated,0.0625,0.125,0,0.25,0,0,0,0.0625,0.125,0,0,0.0625,0,0,0,0.0625,0.1875,0
Replicating,0.25,0,0,0,0.25,0,0,0.25,0,0,0,0,0,0,0,0,0.25,0
Replugged,0.3333333333333333,0,0,0,0.3333333333333333,0,0,0,0,0,0,0,0,0,0,0,0.3333333333333333,0
Reported,0.15384615384615385,0,0,0.23076923076923078,0,0,0,0,0.07692307692307693,0,0.15384615384615385,0.15384615384615385,0,0,0,0.15384615384615385,0.07692307692307693,0
Reporting,0,0.2857142857142857,0,0.2857142857142857,0,0,0,0,0,0,0,0.14285714285714285,0,0,0,0,0.2857142857142857,0
Represented,0.125,0.125,0,0.25,0,0,0,0,0.125,0,0,0.125,0,0,0,0.25,0,0
Repurposing,0,0.21052631578947367,0,0.15789473684210525,0.05263157894736842,0,0,0,0.15789473684210525,0,0,0.21052631578947367,0,0,0,0.05263157894736842,0.15789473684210525,0
Rescued,0.14705882352941177,0.08823529411764706,0,0.20588235294117646,0.029411764705882353,0.058823529411764705,0,0,0.17647058823529413,0.029411764705882353,0,0.029411764705882353,0,0,0.029411764705882353,0.029411764705882353,0.17647058823529413,0
Rescuing,0.08108108108108109,0.1891891891891892,0,0.24324324324324326,0.05405405405405406,0,0,0,0.13513513513513514,0.02702702702702703,0,0.02702702702702703,0,0,0.08108108108108109,0,0.13513513513513514,0.02702702702702703
Researching,0.1,0.1,0,0.2,0,0,0.06666666666666667,0,0.13333333333333333,0,0,0.1,0,0.03333333333333333,0,0,0.23333333333333334,0.03333333333333333
Resetting,0,0.25,0,0.25,0,0,0,0.25,0,0,0,0,0,0,0,0,0.25,0
Resisting,0.16666666666666666,0.05555555555555555,0,0.2222222222222222,0.05555555555555555,0,0,0,0.05555555555555555,0.05555555555555555,0.05555555555555555,0.05555555555555555,0,0.05555555555555555,0.05555555555555555,0,0.1111111111111111,0.05555555555555555
Responding,0,0,0,0,0,0,0.5,0,0,0,0.5,0,0,0,0,0,0,0
Restoring,0.5,0,0,0,0,0,0.5,0,0,0,0,0,0,0,0,0,0,0
Retrying,0,0.25,0,0.25,0,0,0,0,0.25,0,0,0,0,0,0,0,0.25,0
Returning,0.125,0.125,0,0.125,0.125,0,0,0,0.25,0,0,0,0,0,0,0,0.25,0
Revealed,0.08771929824561403,0.12280701754385964,0,0.17543859649122806,0.017543859649122806,0,0.10526315789473684,0,0.15789473684210525,0,0.017543859649122806,0.10526315789473684,0,0,0,0.03508771929824561,0.17543859649122806,0
Revealing,0.09090909090909091,0.1590909090909091,0,0.13636363636363635,0.09090909090909091,0,0.022727272727272728,0.022727272727272728,0.09090909090909091,0.045454545454545456,0,0.11363636363636363,0,0,0,0.022727272727272728,0.20454545454545456,0
Rewatching,0.1,0.1,0,0.2,0,0,0,0,0.2,0,0,0.2,0,0,0,0,0.2,0
Rewinding,0,0.2,0,0,0.2,0,0,0,0.2,0,0,0.2,0,0,0,0,0.2,0
Risking,0,0.25,0,0.25,0,0,0,0,0.25,0,0,0,0,0,0,0,0.25,0
Robbed,0,0.25,0,0.25,0,0,0,0,0.25,0,0,0,0,0,0,0,0.25,0
Robbing,0,0.25,0,0.25,0,0,0,0,0.125,0,0,0.125,0,0,0,0,0.25,0
Role-playing,0,0.2,0,0.2,0,0,0,0,0,0.2,0,0,0,0.2,0,0,0.2,0
Ruminating,0,0.25,0,0.25,0,0,0,0,0.25,0,0,0,0,0,0,0,0.25,0
Rummaging,0,0.2,0,0.2,0,0,0,0,0,0,0.2,0.2,0,0,0,0,0.2,0
Running,0.058823529411764705,0.14705882352941177,0,0.20588235294117646,0.029411764705882353,0.029411764705882353,0,0,0.08823529411764706,0.029411764705882353,0.058823529411764705,0.11764705882352941,0,0,0.029411764705882353,0.08823529411764706,0.11764705882352941,0
Safeguarding,0.2,0,0,0.2,0,0,0,0,0.2,0,0,0.2,0,0,0,0,0.2,0
Saved,0,0.16666666666666666,0,0.3333333333333333,0,0,0,0.16666666666666666,0,0,0,0,0,0,0.3333333333333333,0,0,0
Saving,0.16666666666666666,0,0.05555555555555555,0.1111111111111111,0.16666666666666666,0,0,0.1111111111111111,0.05555555555555555,0,0,0.05555555555555555,0,0.05555555555555555,0,0,0.2222222222222222,0
Scanned,0.1092436974789916,0.11764705882352941,0,0.20588235294117646,0.01680672268907563,0.008403361344537815,0.012605042016806723,0.01680672268907563,0.14705882352941177,0.008403361344537815,0.03361344537815126,0.07563025210084033,0.004201680672268907,0,0.004201680672268907,0.04201680672268908,0.19327731092436976,0.004201680672268907
Scanning,0.06796116504854369,0.17475728155339806,0,0.1553398058252427,0.1553398058252427,0,0,0.009708737864077669,0.0970873786407767,0.009708737864077669,0.019417475728155338,0.08737864077669903,0,0.009708737864077669,0,0.009708737864077669,0.20388349514563106,0
Scared,0.12280701754385964,0.08771929824561403,0,0.24561403508771928,0.008771929824561403,0.008771929824561403,0,0.043859649122807015,0.10526315789473684,0.03508771929824561,0.008771929824561403,0.07894736842105263,0,0,0.008771929824561403,0.043859649122807015,0.18421052631578946,0.017543859649122806
Scaring,0,0.2,0,0,0.2,0,0.2,0,0.2,0,0,0,0,0,0,0,0.2,0
Scouting,0.2,0.06666666666666667,0,0.26666666666666666,0,0,0,0,0.13333333333333333,0,0.06666666666666667,0,0,0,0,0,0.26666666666666666,0
Screaming,0.3333333333333333,0,0,0.3333333333333333,0,0,0,0,0,0,0,0,0,0,0.16666666666666666,0,0.16666666666666666,0
Scrolling,0.3333333333333333,0,0,0.3333333333333333,0,0,0,0,0,0,0,0,0,0,0,0,0.3333333333333333,0
Searching,0.08045977011494253,0.14942528735632185,0,0.1839080459770115,0.04597701149425287,0.005747126436781609,0.005747126436781609,0.034482758620689655,0.10919540229885058,0.017241379310344827,0.028735632183908046,0.10919540229885058,0,0,0,0.017241379310344827,0.20689655172413793,0.005747126436781609
Seeing,0.08235294117647059,0.12941176470588237,0.011764705882352941,0.17058823529411765,0.07058823529411765,0,0,0.041176470588235294,0.10588235294117647,0.023529411764705882,0.0058823529411764705,0.1,0.01764705882352941,0,0,0.029411764705882353,0.20588235294117646,0.0058823529411764705
Seeking,0.07142857142857142,0.14285714285714285,0,0.07142857142857142,0.14285714285714285,0,0,0,0.21428571428571427,0,0,0.14285714285714285,0,0,0,0,0.21428571428571427,0
Seen,0.10714285714285714,0.10714285714285714,0,0.17857142857142858,0.03571428571428571,0,0.03571428571428571,0,0.07142857142857142,0,0.10714285714285714,0.14285714285714285,0,0,0,0.10714285714285714,0.10714285714285714,0
Selecting,0.14285714285714285,0,0,0.2857142857142857,0,0,0,0,0,0.14285714285714285,0,0.14285714285714285,0,0,0,0,0.2857142857142857,0
Self-diagnosing,0.25,0,0,0,0.25,0,0,0,0.25,0,0,0,0,0,0,0,0.25,0
Sensing,0.2222222222222222,0,0,0.3333333333333333,0,0,0,0.1111111111111111,0,0,0,0,0,0,0,0,0.3333333333333333,0
Sharing,0.18181818181818182,0.045454545454545456,0,0.13636363636363635,0.13636363636363635,0,0,0,0,0.18181818181818182,0,0.045454545454545456,0,0,0,0,0.22727272727272727,0.045454545454545456
Shocked,0.14285714285714285,0.09523809523809523,0,0.19047619047619047,0,0,0.047619047619047616,0,0.09523809523809523,0.047619047619047616,0.047619047619047616,0.09523809523809523,0,0,0,0,0.23809523809523808,0
Shooting,0,0.23529411764705882,0,0.23529411764705882,0.058823529411764705,0,0,0.029411764705882353,0.08823529411764706,0.029411764705882353,0,0.058823529411764705,0,0,0,0,0.2647058823529412,0
Shot,0,0,0,0,0.5,0,0.5,0,0,0,0,0,0,0,0,0,0,0
Shouting,0.1111111111111111,0.1111111111111111,0,0.1111111111111111,0.1111111111111111,0,0,0,0.2222222222222222,0,0,0.1111111111111111,0,0,0,0,0.2222222222222222,0
Showed,0,0.2,0,0.3,0,0,0,0.1,0.1,0,0,0.1,0,0,0,0.1,0.1,0
Showing,0.08163265306122448,0.12244897959183673,0,0.16326530612244897,0.061224489795918366,0,0.02040816326530612,0,0.061224489795918366,0.10204081632653061,0.02040816326530612,0.14285714285714285,0,0,0,0.02040816326530612,0.20408163265306123,0
Signing,0.25,0,0,0.25,0,0,0,0,0,0,0.25,0,0,0,0,0,0.25,0
Simulating,0,0.25,0,0.125,0.125,0,0,0,0.125,0,0,0.125,0,0,0,0,0.25,0
Singing,0.09523809523809523,0.14285714285714285,0,0.19047619047619047,0.09523809523809523,0,0,0,0.19047619047619047,0,0,0,0,0,0,0,0.2857142857142857,0
Sleeping,0.3333333333333333,0,0,0.3333333333333333,0,0,0,0,0,0,0,0,0,0,0,0,0.3333333333333333,0
Smiling,0.11764705882352941,0.11764705882352941,0,0.17647058823529413,0.058823529411764705,0,0,0,0.11764705882352941,0,0.058823529411764705,0.058823529411764705,0.058823529411764705,0,0,0,0.23529411764705882,0
Sneaking,0.09090909090909091,0.13636363636363635,0,0.22727272727272727,0.045454545454545456,0,0,0.045454545454545456,0.13636363636363635,0,0,0.045454545454545456,0,0,0,0,0.2727272727272727,0
Sniped,0,0.3333333333333333,0,0.3333333333333333,0,0,0,0,0,0,0,0,0,0,0,0,0.3333333333333333,0
Sniping,0,0.2857142857142857,0,0.2857142857142857,0,0,0,0,0.14285714285714285,0,0,0,0,0,0,0,0.2857142857142857,0
Socialising,0.16666666666666666,0,0,0.16666666666666666,0.16666666666666666,0,0,0,0.08333333333333333,0,0,0,0.08333333333333333,0,0,0,0.3333333333333333,0
Solving,0.08333333333333333,0.08333333333333333,0,0.16666666666666666,0.08333333333333333,0,0,0,0.16666666666666666,0,0,0.16666666666666666,0,0,0,0,0.25,0
Soothed,0,0.3333333333333333,0,0.3333333333333333,0,0,0,0,0,0,0,0,0,0,0,0,0,0.3333333333333333
Soothing,0.25,0,0,0.25,0,0,0,0,0.25,0,0,0,0,0,0,0,0.25,0
Sorting,0,0.25,0,0.25,0,0,0,0,0.25,0,0,0,0,0,0,0,0.25,0
Sousveilling,0,0.25,0,0.25,0,0,0,0,0,0.25,0,0,0,0,0,0,0.25,0
Spilling,0.3333333333333333,0,0,0.3333333333333333,0,0,0,0,0,0,0,0,0,0,0,0,0.3333333333333333,0
Spying,0.028985507246376812,0.2028985507246377,0,0.2028985507246377,0.028985507246376812,0,0,0,0.13043478260869565,0.028985507246376812,0.014492753623188406,0.14492753623188406,0,0,0.014492753623188406,0,0.2028985507246377,0
Stabbing,0.1111111111111111,0.1111111111111111,0,0.1111111111111111,0.1111111111111111,0,0,0,0.2222222222222222,0,0,0.1111111111111111,0,0,0,0,0.2222222222222222,0
Stalking,0.2,0.06666666666666667,0,0.2,0,0,0,0,0.06666666666666667,0.06666666666666667,0,0.13333333333333333,0,0,0,0,0.26666666666666666,0
Startled,0,0.2,0,0.2,0,0,0,0,0,0,0.2,0,0.2,0,0,0,0.2,0
Starving,0,0.25,0,0.25,0,0,0,0,0.25,0,0,0,0,0,0,0,0.25,0
Stealing,0.06896551724137931,0.1724137931034483,0,0.27586206896551724,0,0,0,0,0.10344827586206896,0,0.10344827586206896,0.034482758620689655,0,0,0,0,0.20689655172413793,0.034482758620689655
Steering,0,0.2,0,0.2,0,0,0,0,0.2,0,0,0.2,0,0,0,0,0.2,0
Stopped,0.125,0.125,0,0.25,0,0,0,0,0.125,0,0,0.125,0,0,0,0,0.25,0
Stopping,0.09090909090909091,0.18181818181818182,0,0.18181818181818182,0.09090909090909091,0,0,0.09090909090909091,0.09090909090909091,0,0,0,0,0,0,0,0.2727272727272727,0
Strategising,0,0.2,0,0.2,0,0,0,0,0.2,0,0,0.2,0,0,0,0,0.2,0
Streamed,0.12,0.12,0,0.08,0.04,0,0.2,0.08,0,0,0.04,0.12,0,0,0,0.12,0.08,0
Studying,0,0.25,0,0.25,0.125,0,0,0,0,0,0,0.125,0,0,0,0,0.25,0
Stumbling,0,0.25,0,0.25,0,0,0,0,0.25,0,0,0,0,0,0,0.25,0,0
Subverting,0.25,0,0,0.25,0,0,0,0,0.25,0,0,0,0,0,0,0.25,0,0
Suffering,0,0.25,0,0.25,0,0,0,0.25,0,0,0,0,0,0,0,0,0.25,0
Suiciding,0.125,0.125,0,0.25,0,0,0,0,0,0,0.125,0.125,0,0,0,0.125,0.125,0
Supporting,0,0,0,0,0.5,0,0,0,0,0,0,0,0,0,0,0,0.5,0
Surprised,0.04838709677419355,0.16129032258064516,0,0.22580645161290322,0,0,0,0.016129032258064516,0.1774193548387097,0,0.03225806451612903,0.11290322580645161,0,0,0,0.03225806451612903,0.1774193548387097,0.016129032258064516
Surprising,0.17647058823529413,0.058823529411764705,0,0.23529411764705882,0,0,0,0,0.23529411764705882,0,0,0.058823529411764705,0,0,0,0,0.23529411764705882,0
Surrounded,0,0.5,0,0,0.5,0,0,0,0,0,0,0,0,0,0,0,0,0
Surveilled,0.09917355371900827,0.12396694214876033,0,0.2231404958677686,0,0,0.01652892561983471,0.01652892561983471,0.1322314049586777,0.024793388429752067,0.049586776859504134,0.09090909090909091,0,0,0.024793388429752067,0.05785123966942149,0.14049586776859505,0
Surveilling,0.05434782608695652,0.16304347826086957,0,0.1956521739130435,0.06521739130434782,0,0.021739130434782608,0.010869565217391304,0.15217391304347827,0.021739130434782608,0,0.07608695652173914,0,0,0,0,0.22826086956521738,0.010869565217391304
Surviving,0,0.23529411764705882,0,0.23529411764705882,0,0,0,0.058823529411764705,0.058823529411764705,0,0.058823529411764705,0.11764705882352941,0,0,0,0.058823529411764705,0.17647058823529413,0
Suspected,0,0.2222222222222222,0,0.2222222222222222,0.1111111111111111,0,0,0,0,0,0.2222222222222222,0,0,0,0,0.1111111111111111,0.1111111111111111,0
Suspecting,0.043478260869565216,0.21739130434782608,0,0.2608695652173913,0,0,0,0.043478260869565216,0.13043478260869565,0,0,0.043478260869565216,0,0,0,0.043478260869565216,0.21739130434782608,0
Sweating,0.25,0,0,0.25,0,0,0,0,0,0,0.25,0,0,0,0,0,0.25,0
Swiping,0,0.2,0,0.2,0,0,0,0.2,0,0,0,0.2,0,0,0,0,0.2,0
Taking,0,0.25,0,0,0.25,0,0,0,0,0,0.25,0,0,0,0,0,0.25,0
Talking,0.1111111111111111,0.1111111111111111,0,0.15555555555555556,0.06666666666666667,0,0.022222222222222223,0.044444444444444446,0.08888888888888889,0,0.022222222222222223,0.13333333333333333,0,0,0.022222222222222223,0,0.2222222222222222,0
Targeted,0.1,0.125,0,0.175,0.05,0,0.025,0.025,0.125,0,0.05,0.05,0,0.025,0.025,0,0.225,0
Targeting,0.07407407407407407,0.14814814814814814,0,0.14814814814814814,0.07407407407407407,0,0.037037037037037035,0,0.07407407407407407,0.037037037037037035,0.037037037037037035,0.1111111111111111,0,0,0.037037037037037035,0,0.2222222222222222,0
Tasking,0.25,0,0,0.25,0,0,0,0,0.25,0,0,0,0,0,0,0,0.25,0
Taught,0,0.2,0,0.2,0,0,0,0,0.2,0,0,0.2,0,0,0,0,0.2,0
Taunted,0,0.25,0,0.25,0,0,0,0,0.25,0,0,0,0,0,0,0,0.25,0
Taunting,0,0.2,0,0.2,0,0,0,0,0.2,0,0,0.2,0,0,0,0,0.2,0
Teaching,0.3333333333333333,0,0,0,0.3333333333333333,0,0,0,0,0,0,0,0,0,0,0,0.3333333333333333,0
Teased,0.1,0.1,0,0.2,0,0,0,0,0.1,0,0.1,0.2,0,0,0,0,0.2,0
Teasing,0,0.2,0,0.2,0,0,0,0,0.2,0,0,0.2,0,0,0,0,0.2,0
Telling,0,0.25,0,0.25,0,0,0,0.25,0,0,0,0,0,0,0,0,0.25,0
Tempted,0,0.2,0,0.2,0,0,0,0,0.2,0,0,0.2,0,0,0,0.2,0,0
Tested,0.25,0,0,0.25,0,0,0,0,0,0,0.25,0,0,0,0,0,0.25,0
Testing,0.08,0.16,0,0.24,0.04,0,0,0.04,0.12,0,0,0.08,0,0,0,0,0.24,0
Thanking,0,0.16666666666666666,0,0.3333333333333333,0,0,0,0,0.16666666666666666,0,0,0.16666666666666666,0,0,0,0,0.16666666666666666,0
Thinking,0,0.25,0,0.25,0,0,0,0,0,0.25,0,0,0,0,0,0,0.25,0
Threatened,0.10344827586206896,0.10344827586206896,0,0.20689655172413793,0,0,0.017241379310344827,0,0.1724137931034483,0.034482758620689655,0.017241379310344827,0.1206896551724138,0,0,0,0.05172413793103448,0.1724137931034483,0
Threatening,0.06451612903225806,0.16129032258064516,0,0.12903225806451613,0.12903225806451613,0,0,0.03225806451612903,0.12903225806451613,0,0.03225806451612903,0.0967741935483871,0,0,0,0,0.22580645161290322,0
Tired,0.2222222222222222,0,0,0.2222222222222222,0,0,0,0,0.1111111111111111,0,0.1111111111111111,0.1111111111111111,0,0,0,0,0.2222222222222222,0
Tormented,0.2,0,0,0.2,0,0,0,0,0.2,0,0,0.2,0,0,0,0,0.2,0
Tormenting,0,0.2,0,0.2,0,0,0,0,0.2,0,0,0.2,0,0,0,0,0.2,0
Torturing,0.25,0,0,0.25,0,0,0,0,0,0,0,0.25,0,0,0,0,0.25,0
Touching,0.3333333333333333,0,0,0.3333333333333333,0,0,0,0,0,0,0,0,0,0,0,0,0.3333333333333333,0
Tracked,0.078125,0.140625,0,0.203125,0.015625,0.015625,0.015625,0.015625,0.109375,0.015625,0.03125,0.125,0,0,0.015625,0.015625,0.203125,0
Tracking,0.08196721311475409,0.16393442622950818,0,0.18032786885245902,0.06557377049180328,0,0.03278688524590164,0,0.09836065573770492,0.03278688524590164,0.03278688524590164,0.06557377049180328,0,0,0,0,0.2459016393442623,0
Trained,0,0.3333333333333333,0,0.3333333333333333,0,0,0,0,0,0,0,0,0,0,0,0,0.3333333333333333,0
Training,0.16666666666666666,0.08333333333333333,0,0.25,0,0,0,0.16666666666666666,0.08333333333333333,0,0,0,0,0,0,0.08333333333333333,0.16666666666666666,0
Trancing,0,0.25,0,0.25,0,0,0,0,0.25,0,0,0,0,0,0,0,0.25,0
Transcending,0,0.25,0,0.25,0,0,0,0,0.25,0,0,0,0,0,0,0,0.25,0
transmitted,0.2,0,0,0.2,0,0,0,0,0.2,0,0,0.2,0,0,0,0,0.2,0
Transmitting,0,0,0,0,0.6,0,0,0,0,0,0,0,0,0,0,0,0.4,0
Transported,0.125,0.125,0,0.25,0,0,0,0,0.125,0,0.125,0,0,0,0,0,0.25,0
Transporting,0.1111111111111111,0.1111111111111111,0,0.1111111111111111,0.1111111111111111,0,0,0,0.2222222222222222,0,0,0,0,0.1111111111111111,0,0,0.2222222222222222,0
Trapped,0.125,0.125,0,0.25,0,0,0.041666666666666664,0,0.08333333333333333,0,0.041666666666666664,0.041666666666666664,0,0,0.041666666666666664,0.041666666666666664,0.20833333333333334,0
Trapping,0,0.25,0,0.25,0,0,0,0,0.25,0,0,0,0,0,0,0,0.25,0
Travelling,0.13043478260869565,0.08695652173913043,0,0.17391304347826086,0.043478260869565216,0,0,0.08695652173913043,0.08695652173913043,0.043478260869565216,0,0.043478260869565216,0.08695652173913043,0,0,0.043478260869565216,0.17391304347826086,0
Trespassing,0,0.25,0,0,0,0,0.25,0,0,0,0,0.25,0,0,0,0,0.25,0
Tricked,0.07575757575757576,0.12121212121212122,0,0.18181818181818182,0.030303030303030304,0,0.015151515151515152,0,0.16666666666666666,0,0.030303030303030304,0.16666666666666666,0,0,0,0.045454545454545456,0.16666666666666666,0
Tricking,0.09375,0.11458333333333333,0.010416666666666666,0.20833333333333334,0.020833333333333332,0,0.010416666666666666,0,0.17708333333333334,0.010416666666666666,0.020833333333333332,0.09375,0.010416666666666666,0,0.010416666666666666,0.03125,0.1875,0
Triggering,0,0.25,0,0.25,0,0,0,0,0.25,0,0,0,0,0,0,0,0.25,0
Trusted,0,0.2,0,0.2,0,0,0,0,0,0.2,0,0.2,0,0,0,0,0.2,0
Trusting,0.21739130434782608,0.043478260869565216,0,0.2608695652173913,0,0,0,0,0.21739130434782608,0,0,0,0,0,0.043478260869565216,0.08695652173913043,0.13043478260869565,0
Trying,0,0.25,0,0,0.25,0,0,0,0.25,0,0,0,0,0,0,0,0.25,0
Unaware,0.1282051282051282,0.10256410256410256,0,0.20512820512820512,0.05128205128205128,0.02564102564102564,0.05128205128205128,0.02564102564102564,0.10256410256410256,0,0.02564102564102564,0.05128205128205128,0,0,0.05128205128205128,0.02564102564102564,0.1282051282051282,0.02564102564102564
Uncomfortable,0.2,0,0,0.2,0,0,0,0,0.2,0,0,0.2,0,0,0,0.2,0,0
Understanding,0.21428571428571427,0,0,0.21428571428571427,0.07142857142857142,0,0,0,0.14285714285714285,0,0.07142857142857142,0.07142857142857142,0,0,0,0,0.21428571428571427,0
Undressing,0,0.25,0,0.25,0,0,0,0,0.25,0,0,0,0,0,0,0,0.25,0
Unlocking,0.09523809523809523,0.14285714285714285,0,0.23809523809523808,0,0,0,0,0.19047619047619047,0,0,0.09523809523809523,0,0,0,0.047619047619047616,0.19047619047619047,0
Unplugging,0,0.25,0,0.25,0,0,0,0.25,0,0,0,0,0,0,0,0,0.25,0
Unsettled,0.16666666666666666,0,0,0.16666666666666666,0.16666666666666666,0,0,0,0,0,0.16666666666666666,0,0,0,0,0,0.3333333333333333,0
Upgraded,0.1111111111111111,0.1111111111111111,0,0.1111111111111111,0.1111111111111111,0,0,0,0.1111111111111111,0.1111111111111111,0,0.1111111111111111,0,0,0,0,0.2222222222222222,0
Upgrading,0,0.25,0,0,0.25,0,0,0,0.25,0,0,0,0,0,0,0,0.25,0
Uploaded,0,0.2,0,0.2,0,0,0,0,0.2,0,0,0.2,0,0,0,0,0.2,0
uploading,0.25,0,0,0.25,0,0,0,0,0,0.25,0,0,0,0,0,0,0.25,0
Used,0.23529411764705882,0,0,0.23529411764705882,0,0,0,0,0.23529411764705882,0,0,0.058823529411764705,0,0,0,0.058823529411764705,0.17647058823529413,0
Using,0.17857142857142858,0.03571428571428571,0,0.25,0,0,0,0.03571428571428571,0.14285714285714285,0,0.03571428571428571,0.07142857142857142,0,0,0,0.07142857142857142,0.14285714285714285,0.03571428571428571
Verified,0.2857142857142857,0,0,0.2857142857142857,0,0,0,0,0.14285714285714285,0,0,0,0,0,0,0,0.2857142857142857,0
Verifying,0.3333333333333333,0,0,0,0.3333333333333333,0,0,0,0,0,0,0,0,0,0,0,0.3333333333333333,0
Viewed,0.08333333333333333,0.125,0,0.2916666666666667,0,0,0,0.041666666666666664,0.125,0.041666666666666664,0,0,0,0,0.041666666666666664,0,0.20833333333333334,0
Viewing,0.15,0.05,0,0.25,0,0,0,0,0.1,0,0.05,0.15,0,0,0,0,0.25,0
Visiting,0.2,0,0,0.2,0,0,0,0,0.2,0,0,0.2,0,0,0,0,0.2,0
Visualised,0,0.5,0,0,0.5,0,0,0,0,0,0,0,0,0,0,0,0,0
Visualising,0,0.2,0,0,0.2,0,0,0,0.2,0,0,0.2,0,0,0,0,0.2,0
Vlogging,0,0.25,0,0.25,0,0,0,0,0,0,0,0.25,0,0,0,0,0.25,0
Waiting,0,0.25,0,0.25,0.08333333333333333,0,0,0.08333333333333333,0.08333333333333333,0,0,0,0,0,0,0,0.16666666666666666,0.08333333333333333
Walking,0.07692307692307693,0.15384615384615385,0,0.23076923076923078,0,0,0,0.057692307692307696,0.11538461538461539,0.038461538461538464,0,0.09615384615384616,0,0,0,0.038461538461538464,0.17307692307692307,0.019230769230769232
Wandering,0,0.25,0,0.25,0,0,0,0.25,0,0,0,0,0,0,0,0,0.25,0
Warned,0.21428571428571427,0,0,0.21428571428571427,0,0,0,0,0.07142857142857142,0.07142857142857142,0.07142857142857142,0.14285714285714285,0,0,0,0.07142857142857142,0.14285714285714285,0
Warning,0,0.16666666666666666,0,0.3333333333333333,0,0,0,0,0,0.16666666666666666,0,0,0,0,0,0,0.3333333333333333,0
Watched,0.13574660633484162,0.08144796380090498,0,0.22171945701357465,0.013574660633484163,0.004524886877828055,0.02262443438914027,0.004524886877828055,0.13122171945701358,0.00904977375565611,0.027149321266968326,0.10407239819004525,0.004524886877828055,0,0.02262443438914027,0.049773755656108594,0.167420814479638,0
Watching,0.08074534161490683,0.13975155279503104,0.003105590062111801,0.2080745341614907,0.052795031055900624,0.003105590062111801,0.018633540372670808,0.021739130434782608,0.10869565217391304,0.012422360248447204,0.031055900621118012,0.062111801242236024,0.006211180124223602,0,0.015527950310559006,0.015527950310559006,0.2204968944099379,0
Weakened,0,0.2,0,0.2,0.2,0,0,0,0.2,0,0,0,0,0,0,0,0.2,0
Wearing,0.16666666666666666,0,0,0.3333333333333333,0,0,0,0,0,0.16666666666666666,0,0,0,0,0,0,0.3333333333333333,0
Welcoming,0.3333333333333333,0,0,0,0.3333333333333333,0,0,0,0,0,0,0,0,0,0,0,0.3333333333333333,0
Winning,0,0.2222222222222222,0,0.2222222222222222,0,0,0,0,0.2222222222222222,0,0,0.1111111111111111,0,0,0,0.1111111111111111,0.1111111111111111,0
Wishing,0,0.2,0,0.2,0,0,0,0,0.2,0,0,0.2,0,0,0,0,0,0.2
Withdrawing,0,0.3333333333333333,0,0.3333333333333333,0,0,0,0,0,0,0,0,0,0,0,0,0.3333333333333333,0
Witnessing,0.11764705882352941,0.11764705882352941,0,0.23529411764705882,0,0,0,0,0.17647058823529413,0,0,0.11764705882352941,0,0,0,0,0.23529411764705882,0
Working,0.23529411764705882,0,0,0.23529411764705882,0.058823529411764705,0,0,0.058823529411764705,0.058823529411764705,0.058823529411764705,0,0,0,0,0,0,0.29411764705882354,0
Worrying,0.1,0.1,0,0.15,0.1,0,0,0,0.1,0,0.05,0.15,0,0,0,0.05,0.2,0
Wounded,0,0.25,0,0.25,0,0,0.25,0,0,0,0,0,0,0,0,0,0.25,0
Wounding,0,0.25,0,0.25,0,0,0,0,0.25,0,0,0,0,0,0,0,0.25,0
Yelling,0.1111111111111111,0.1111111111111111,0,0.2222222222222222,0,0,0,0,0.2222222222222222,0,0,0.1111111111111111,0,0,0,0.1111111111111111,0.1111111111111111,0
Zooming,0.3,0,0,0.1,0.1,0,0.1,0,0,0,0.1,0.1,0,0,0,0,0.2,0
